Timestamp,soil_moisture,soil_temperature,air_temperature,air_humidity,nitrogen,fosfor,kalium,ec
2026-07-05T09:07:11Z,23.7,8.4,24.4,75.6,128,232,163,3829
2026-07-05T09:08:12Z,23.5,8.4,24.4,75.5,128,232,163,3831
2026-07-05T09:09:12Z,23.3,8.4,24.4,75.9,127,232,163,3833
2026-07-05T09:10:15Z,23.2,8.4,24.5,76.2,126,232,162,3835
2026-07-05T09:11:15Z,23.0,8.4,24.5,76.0,125,232,162,3836
2026-07-05T09:17:20Z,22.2,8.3,24.4,76.7,118,232,161,3845
2026-07-05T09:22:24Z,21.6,8.3,24.6,75.8,117,231,160,3851
2026-07-05T09:27:24Z,21.2,8.3,24.5,77.7,115,230,160,3856
2026-07-05T09:32:24Z,20.7,8.2,24.5,78.1,113,230,159,3860
2026-07-05T09:37:24Z,20.4,8.2,24.4,78.3,112,229,159,3864
2026-07-05T09:42:26Z,20.1,8.2,24.3,79.6,111,229,158,3868
2026-07-05T09:47:27Z,19.8,8.2,24.2,80.2,109,229,158,3871
2026-07-05T09:52:27Z,19.5,8.2,24.1,80.0,109,228,158,3873
2026-07-05T09:57:27Z,19.1,8.1,23.9,80.7,108,228,157,3877
2026-07-05T10:02:27Z,18.8,8.1,23.7,81.4,106,227,157,3879
2026-07-05T10:07:27Z,18.5,8.1,23.7,81.7,106,226,156,3882
2026-07-05T10:12:27Z,18.3,8.1,23.6,82.7,105,225,156,3885
2026-07-05T10:17:27Z,18.1,8.1,23.4,82.4,104,225,156,3888
2026-07-05T10:22:28Z,17.9,8.0,23.1,82.7,103,223,155,3890
2026-07-05T10:27:29Z,17.7,8.0,23.1,82.3,102,223,155,3893
2026-07-05T10:32:29Z,17.5,8.0,22.9,82.4,102,222,155,3894
2026-07-05T10:37:29Z,17.3,8.0,22.8,82.2,101,220,155,3897
2026-07-05T10:42:30Z,17.1,8.0,22.6,82.9,101,219,154,3898
2026-07-05T10:47:36Z,17.0,8.0,22.4,84.0,100,218,154,3901
2026-07-05T10:52:37Z,16.8,8.0,22.4,84.5,100,217,154,3902
2026-07-05T10:57:40Z,16.7,8.0,22.3,85.3,100,216,154,3904
2026-07-05T11:03:00Z,16.5,8.0,22.2,85.5,99,215,154,3905
2026-07-05T11:08:01Z,16.4,7.9,22.2,85.7,99,214,153,3906
2026-07-05T11:13:04Z,16.2,7.9,22.1,87.5,98,213,153,3908
2026-07-05T11:18:05Z,16.1,7.9,22.0,87.8,98,212,153,3909
2026-07-05T11:23:05Z,16.0,7.9,21.9,87.8,98,211,153,3910
2026-07-05T11:28:05Z,15.9,7.9,21.9,87.8,98,211,153,3911
2026-07-05T11:33:06Z,15.7,7.9,21.9,88.0,97,210,153,3913
2026-07-05T11:38:06Z,15.6,7.9,21.9,87.6,97,210,153,3914
2026-07-05T11:43:07Z,15.6,7.9,21.8,87.9,97,209,153,3914
2026-07-05T11:48:07Z,15.5,7.9,21.9,87.3,97,209,152,3916
2026-07-05T11:53:08Z,15.3,7.9,21.8,87.5,96,208,152,3917
2026-07-05T11:58:09Z,15.3,7.9,21.7,87.8,96,208,152,3918
2026-07-05T12:03:09Z,15.2,7.9,21.5,88.6,96,207,152,3918
2026-07-05T12:08:09Z,15.1,7.9,21.5,88.8,95,206,152,3920
2026-07-05T12:13:09Z,15.0,7.9,21.6,88.8,95,206,152,3921
2026-07-05T12:18:10Z,15.0,7.9,21.5,90.5,95,205,152,3921
2026-07-05T12:23:10Z,14.9,7.9,21.5,89.9,95,205,152,3922
2026-07-05T12:28:10Z,14.8,7.9,21.4,90.2,95,205,152,3923
2026-07-05T12:33:10Z,14.8,7.8,21.3,90.5,95,204,151,3924
2026-07-05T12:38:10Z,14.7,7.8,21.3,89.7,94,204,151,3925
2026-07-05T12:43:10Z,14.6,7.8,21.2,89.1,94,204,151,3925
2026-07-05T12:48:10Z,14.5,7.8,21.2,89.6,94,203,151,3926
2026-07-05T12:53:11Z,14.5,7.8,21.1,90.0,93,203,151,3927
2026-07-05T12:58:11Z,14.4,7.8,21.0,89.6,93,202,151,3927
2026-07-05T13:03:11Z,14.3,7.8,20.9,90.0,93,202,151,3928
2026-07-05T13:08:11Z,14.3,7.8,20.8,90.5,93,202,151,3929
2026-07-05T13:13:11Z,14.2,7.8,20.7,89.5,93,201,151,3929
2026-07-05T13:18:11Z,14.1,7.8,20.7,88.9,92,200,151,3930
2026-07-05T13:23:11Z,14.1,7.8,20.6,89.8,92,200,151,3930
2026-07-05T13:28:11Z,14.0,7.8,20.6,89.3,92,199,151,3931
2026-07-05T13:33:11Z,13.9,7.8,20.5,89.5,92,198,150,3932
2026-07-05T13:38:12Z,13.8,7.8,20.6,89.9,92,198,150,3932
2026-07-05T13:43:12Z,13.8,7.8,20.5,89.8,92,197,150,3933
2026-07-05T13:48:12Z,13.7,7.8,20.5,87.5,92,197,150,3934
2026-07-05T13:53:12Z,13.7,7.8,20.5,85.9,92,196,150,3934
2026-07-05T13:58:12Z,13.7,7.8,20.4,86.1,91,196,150,3935
2026-07-05T14:03:12Z,13.6,7.8,20.2,86.5,91,195,150,3936
2026-07-05T14:08:12Z,13.5,7.8,20.1,85.6,91,194,150,3936
2026-07-05T14:13:12Z,13.5,7.8,20.0,84.9,91,194,150,3937
2026-07-05T14:18:13Z,13.4,7.8,19.9,84.8,90,193,150,3938
2026-07-05T14:23:13Z,13.4,7.8,19.7,84.8,90,192,150,3939
2026-07-05T14:28:13Z,13.3,7.8,19.5,84.4,90,191,150,3939
2026-07-05T14:33:13Z,13.2,7.8,19.3,84.8,90,191,150,3940
2026-07-05T14:38:13Z,13.2,7.7,19.3,85.2,90,190,149,3941
2026-07-05T14:43:13Z,13.1,7.7,19.2,86.2,90,189,149,3942
2026-07-05T14:48:13Z,13.0,7.7,19.3,86.4,90,188,149,3942
2026-07-05T14:53:13Z,12.9,7.7,19.2,86.4,90,187,149,3942
2026-07-05T14:58:13Z,12.8,7.7,19.4,88.2,90,187,149,3943
2026-07-05T15:03:13Z,12.8,7.7,19.4,90.1,90,186,149,3943
2026-07-05T15:08:14Z,12.7,7.7,19.5,89.5,90,186,149,3944
2026-07-05T15:13:14Z,12.6,7.7,19.5,90.1,89,186,149,3944
2026-07-05T15:18:14Z,12.6,7.7,19.5,89.3,89,186,149,3944
2026-07-05T15:23:14Z,12.6,7.7,19.4,87.7,89,185,149,3945
2026-07-05T15:28:14Z,12.5,7.7,19.2,86.8,89,184,149,3945
2026-07-05T15:33:14Z,12.4,7.7,19.1,86.3,89,184,149,3946
2026-07-05T15:38:15Z,12.4,7.7,19.0,86.3,89,184,149,3946
2026-07-05T15:43:15Z,12.4,7.7,18.9,86.4,89,183,149,3947
2026-07-05T15:48:15Z,12.4,7.7,18.9,86.9,89,183,149,3947
2026-07-05T15:53:15Z,12.3,7.7,18.8,87.3,89,182,149,3948
2026-07-05T15:58:15Z,12.2,7.7,18.8,87.3,89,181,148,3949
2026-07-05T16:03:15Z,12.2,7.7,18.8,87.2,89,181,148,3949
2026-07-05T16:08:15Z,12.2,7.7,18.8,87.3,88,180,148,3950
2026-07-05T16:13:15Z,12.1,7.7,18.8,87.2,88,180,148,3950
2026-07-05T16:18:16Z,12.0,7.7,18.7,87.3,88,179,148,3950
2026-07-05T16:23:16Z,12.0,7.7,18.7,87.3,88,179,148,3951
2026-07-05T16:28:16Z,12.0,7.7,18.8,87.1,88,179,148,3952
2026-07-05T16:33:16Z,12.0,7.7,18.8,88.6,87,178,148,3952
2026-07-05T16:38:16Z,11.9,7.7,18.7,88.3,88,178,148,3951
2026-07-05T16:43:16Z,11.9,7.7,18.7,88.0,87,178,148,3953
2026-07-05T16:48:16Z,11.9,7.7,18.5,87.5,87,178,148,3953
2026-07-05T16:53:17Z,11.8,7.7,18.4,87.2,87,177,148,3952
2026-07-05T16:58:17Z,11.8,7.7,18.3,87.4,87,177,148,3954
2026-07-05T17:03:17Z,11.8,7.7,18.2,87.1,87,176,148,3954
2026-07-05T17:08:17Z,11.8,7.7,18.2,87.2,87,175,148,3955
2026-07-05T17:13:17Z,11.7,7.7,18.1,88.0,87,175,148,3956
2026-07-05T17:18:17Z,11.7,7.7,18.2,88.5,87,174,148,3955
2026-07-05T17:23:17Z,11.6,7.7,18.2,88.9,87,174,148,3956
2026-07-05T17:28:18Z,11.6,7.7,18.2,89.0,87,174,148,3956
2026-07-05T17:33:18Z,11.6,7.7,18.2,89.6,87,174,148,3956
2026-07-05T17:38:18Z,11.6,7.7,18.3,90.0,87,173,148,3956
2026-07-05T17:43:18Z,11.5,7.7,18.3,90.2,87,173,148,3957
2026-07-05T17:48:18Z,11.5,7.7,18.3,90.7,87,173,148,3957
2026-07-05T17:53:18Z,11.5,7.7,18.3,90.8,87,173,148,3957
2026-07-05T17:58:18Z,11.5,7.7,18.3,90.5,86,173,148,3958
2026-07-05T18:03:18Z,11.4,7.6,18.2,90.6,86,172,147,3958
2026-07-05T18:08:18Z,11.5,7.6,18.1,90.6,86,172,147,3958
2026-07-05T18:13:18Z,11.3,7.6,18.1,90.5,86,172,147,3958
2026-07-05T18:18:18Z,11.4,7.6,18.0,90.3,86,172,147,3959
2026-07-05T18:23:18Z,11.4,7.6,18.0,90.3,86,171,147,3959
2026-07-05T18:28:18Z,11.3,7.6,17.9,89.9,86,171,147,3960
2026-07-05T18:33:18Z,11.3,7.6,17.8,89.8,86,170,147,3959
2026-07-05T18:38:18Z,11.3,7.6,17.7,89.6,86,170,147,3960
2026-07-05T18:43:18Z,11.2,7.6,17.7,89.8,86,169,147,3961
2026-07-05T18:48:18Z,11.2,7.6,17.6,90.1,86,169,147,3961
2026-07-05T18:53:19Z,11.1,7.6,17.5,90.0,86,169,147,3960
2026-07-05T18:58:19Z,11.1,7.6,17.4,90.5,86,168,147,3962
2026-07-05T19:03:19Z,11.1,7.6,17.4,90.6,86,167,147,3961
2026-07-05T19:08:19Z,11.0,7.6,17.3,89.7,86,167,147,3962
2026-07-05T19:13:19Z,11.0,7.6,17.2,89.2,86,167,147,3962
2026-07-05T19:18:19Z,11.1,7.6,17.1,88.6,86,166,147,3963
2026-07-05T19:23:19Z,11.0,7.6,17.0,87.3,85,166,147,3963
2026-07-05T19:28:19Z,10.9,7.6,16.9,87.7,85,165,147,3963
2026-07-05T19:33:19Z,10.9,7.6,17.0,87.8,85,164,147,3964
2026-07-05T19:38:19Z,10.8,7.6,16.8,88.6,85,164,147,3965
2026-07-05T19:43:19Z,10.8,7.6,16.9,89.7,85,164,147,3965
2026-07-05T19:48:20Z,10.8,7.6,16.9,90.3,85,163,147,3965
2026-07-05T19:53:20Z,10.7,7.6,16.9,90.5,84,163,147,3965
2026-07-05T19:58:20Z,10.8,7.6,16.9,91.1,84,162,147,3965
2026-07-05T20:03:21Z,10.8,7.6,16.9,91.6,85,162,147,3966
2026-07-05T20:08:21Z,10.7,7.6,16.8,91.0,84,161,147,3966
2026-07-05T20:13:21Z,10.6,7.6,16.8,90.4,84,161,147,3966
2026-07-05T20:18:21Z,10.7,7.6,16.8,91.1,85,161,146,3967
2026-07-05T20:23:21Z,10.6,7.6,16.8,91.0,84,161,146,3968
2026-07-05T20:28:21Z,10.6,7.6,16.8,90.5,84,160,146,3967
2026-07-05T20:33:21Z,10.6,7.6,16.8,90.5,84,160,146,3968
2026-07-05T20:38:21Z,10.6,7.6,16.7,90.3,84,160,146,3968
2026-07-05T20:43:21Z,10.5,7.6,16.6,89.9,85,160,146,3968
2026-07-05T20:48:21Z,10.5,7.6,16.5,89.8,84,159,146,3968
2026-07-05T20:53:22Z,10.5,7.6,16.4,89.9,84,158,146,3968
2026-07-05T20:58:22Z,10.4,7.6,16.3,89.9,84,158,146,3969
2026-07-05T21:03:22Z,10.4,7.6,16.2,89.6,83,158,146,3970
2026-07-05T21:08:27Z,10.4,7.6,16.1,90.0,83,157,146,3969
2026-07-05T21:13:27Z,10.4,7.6,16.1,89.3,84,156,146,3969
2026-07-05T21:18:27Z,10.3,7.6,16.0,89.4,83,156,146,3970
2026-07-05T21:23:27Z,10.3,7.6,15.9,89.9,83,155,146,3970
2026-07-05T21:28:27Z,10.3,7.6,15.8,90.4,83,155,146,3971
2026-07-05T21:33:27Z,10.3,7.6,15.8,90.4,83,155,146,3970
2026-07-05T21:38:30Z,10.3,7.6,15.7,90.9,83,153,146,3971
2026-07-05T21:43:30Z,10.3,7.6,15.7,90.8,83,153,146,3971
2026-07-05T21:48:30Z,10.2,7.6,15.6,90.4,83,153,146,3972
2026-07-05T21:53:31Z,10.2,7.6,15.6,90.3,83,152,146,3971
2026-07-05T21:58:30Z,10.2,7.6,15.6,90.5,83,152,146,3972
2026-07-05T22:03:31Z,10.1,7.6,15.4,90.5,83,151,146,3972
2026-07-05T22:08:33Z,10.1,7.6,15.4,90.9,83,151,146,3972
2026-07-05T22:13:33Z,10.2,7.6,15.4,90.4,83,151,146,3972
2026-07-05T22:18:37Z,10.1,7.6,15.4,90.5,83,150,146,3973
2026-07-05T22:23:37Z,10.0,7.6,15.4,90.6,83,149,146,3973
2026-07-05T22:28:37Z,10.0,7.6,15.4,90.8,83,149,146,3973
2026-07-05T22:33:37Z,10.0,7.6,15.4,91.0,83,149,146,3974
2026-07-05T22:38:38Z,10.0,7.6,15.4,90.8,83,148,146,3974
2026-07-05T22:43:38Z,9.9,7.6,15.4,90.0,83,148,146,3974
2026-07-05T22:48:38Z,9.9,7.6,15.3,89.6,83,147,146,3974
2026-07-05T22:53:38Z,9.9,7.6,15.2,90.2,83,147,146,3975
2026-07-05T22:58:38Z,9.9,7.6,15.3,90.1,83,147,146,3975
2026-07-05T23:03:38Z,9.9,7.6,15.3,90.6,83,147,146,3974
2026-07-05T23:08:38Z,9.9,7.6,15.5,91.3,83,147,146,3975
2026-07-05T23:13:41Z,9.9,7.6,15.8,91.2,83,147,146,3975
2026-07-05T23:18:41Z,9.9,7.6,16.1,91.1,83,147,146,3975
2026-07-05T23:23:41Z,9.9,7.6,16.4,90.6,83,148,146,3974
2026-07-05T23:28:41Z,10.0,7.6,16.8,90.7,83,148,146,3974
2026-07-05T23:33:41Z,9.9,7.6,17.2,91.3,83,150,146,3973
2026-07-05T23:38:41Z,10.0,7.6,17.7,93.2,83,152,146,3973
2026-07-05T23:43:41Z,10.1,7.6,18.2,92.9,84,154,146,3973
2026-07-05T23:48:42Z,10.2,7.6,18.6,89.1,84,156,146,3972
2026-07-05T23:53:42Z,10.2,7.6,19.1,90.1,85,159,146,3971
2026-07-05T23:58:42Z,10.3,7.6,19.6,87.8,85,162,146,3970
2026-07-06T00:03:42Z,10.4,7.6,19.9,84.7,85,165,146,3969
2026-07-06T00:08:42Z,10.5,7.6,20.2,83.8,85,168,146,3968
2026-07-06T00:13:42Z,10.5,7.6,20.6,80.9,85,171,146,3968
2026-07-06T00:18:42Z,10.5,7.6,21.0,81.6,85,175,146,3967
2026-07-06T00:23:42Z,10.6,7.6,21.3,79.5,85,178,146,3967
2026-07-06T00:28:42Z,10.7,7.6,21.7,77.7,85,181,147,3966
2026-07-06T00:33:42Z,10.8,7.6,22.2,77.7,85,185,147,3965
2026-07-06T00:38:43Z,10.9,7.6,22.6,76.4,85,189,147,3964
2026-07-06T00:43:43Z,10.9,7.6,23.0,74.6,85,192,147,3963
2026-07-06T00:48:43Z,11.0,7.6,23.6,75.3,85,196,147,3963
2026-07-06T00:53:43Z,11.0,7.6,23.9,71.9,85,200,147,3962
2026-07-06T00:58:43Z,74.6,14.0,24.3,70.3,283,192,274,3293
2026-07-06T01:03:43Z,36.5,9.4,24.7,69.1,186,199,183,3694
2026-07-06T01:08:43Z,31.2,9.0,24.9,66.6,160,203,174,3748
2026-07-06T01:13:43Z,28.7,8.8,25.4,67.3,148,207,170,3778
2026-07-06T01:18:43Z,26.9,8.7,25.7,62.4,139,211,168,3796
2026-07-06T01:23:43Z,25.6,8.6,25.9,62.4,134,216,166,3809
2026-07-06T01:28:44Z,24.6,8.5,26.2,61.3,129,219,165,3820
2026-07-06T01:33:44Z,23.9,8.5,26.7,61.3,126,223,164,3826
2026-07-06T01:38:44Z,23.3,8.4,26.8,63.6,122,227,163,3833
2026-07-06T01:43:44Z,22.8,8.4,27.1,61.5,120,231,162,3838
2026-07-06T01:48:44Z,22.4,8.3,27.9,60.1,118,234,161,3843
2026-07-06T01:53:44Z,22.0,8.3,27.7,51.1,117,238,161,3846
2026-07-06T01:58:44Z,21.7,8.3,28.2,48.7,115,242,161,3850
2026-07-06T02:03:44Z,21.3,8.3,28.5,49.2,113,246,160,3855
2026-07-06T02:08:44Z,21.0,8.3,29.1,48.3,112,249,160,3858
2026-07-06T02:13:44Z,20.7,8.2,28.9,45.9,110,251,159,3861
2026-07-06T02:18:45Z,20.4,8.2,29.8,49.9,109,254,159,3863
2026-07-06T02:23:45Z,20.1,8.2,29.8,47.7,108,258,158,3866
2026-07-06T02:28:45Z,19.8,8.2,29.5,46.7,106,260,158,3869
2026-07-06T02:33:45Z,19.7,8.2,29.9,47.0,105,263,158,3872
2026-07-06T02:38:45Z,19.4,8.1,30.3,49.1,105,265,157,3873
2026-07-06T02:43:45Z,19.1,8.1,29.9,49.3,103,267,157,3876
2026-07-06T02:48:45Z,18.9,8.1,30.2,50.3,102,269,157,3879
2026-07-06T02:53:45Z,18.6,8.1,30.8,49.2,102,272,157,3880
2026-07-06T02:58:45Z,18.4,8.1,31.0,47.2,101,274,156,3883
2026-07-06T03:03:45Z,18.3,8.1,31.2,49.6,100,276,156,3885
2026-07-06T03:08:46Z,18.1,8.1,31.7,46.3,100,278,156,3887
2026-07-06T03:13:46Z,18.0,8.1,32.1,47.1,99,280,156,3889
2026-07-06T03:18:46Z,17.8,8.0,33.2,45.3,99,282,155,3890
2026-07-06T03:23:46Z,17.7,8.0,33.2,45.1,98,285,155,3891
2026-07-06T03:28:46Z,17.6,8.0,33.3,45.8,98,287,155,3893
2026-07-06T03:33:46Z,17.4,8.0,33.5,46.2,97,289,155,3895
2026-07-06T03:38:46Z,17.2,8.0,33.3,44.3,96,291,155,3897
2026-07-06T03:43:46Z,17.0,8.0,33.6,47.0,96,293,154,3899
2026-07-06T03:48:46Z,16.9,8.0,33.7,43.8,95,294,154,3901
2026-07-06T03:53:47Z,16.8,8.0,33.5,44.9,95,296,154,3902
2026-07-06T03:58:47Z,16.6,8.0,33.8,44.1,94,297,154,3903
2026-07-06T04:03:47Z,16.4,8.0,32.9,46.0,93,298,154,3905
2026-07-06T04:08:47Z,16.3,7.9,33.4,47.7,93,300,153,3907
2026-07-06T04:13:47Z,16.2,7.9,34.1,45.6,93,300,153,3909
2026-07-06T04:18:48Z,16.0,7.9,33.5,46.7,92,302,153,3910
2026-07-06T04:23:48Z,15.8,7.9,33.9,44.8,92,303,153,3911
2026-07-06T04:28:48Z,15.7,7.9,33.8,43.4,92,304,153,3913
2026-07-06T04:33:48Z,15.6,7.9,33.2,40.0,91,306,153,3914
2026-07-06T04:38:48Z,15.4,7.9,32.9,42.0,91,309,152,3915
2026-07-06T04:43:48Z,59.5,11.8,32.2,43.0,253,213,230,3453
2026-07-06T04:48:48Z,40.3,9.8,32.8,45.3,190,223,190,3655
2026-07-06T04:53:49Z,34.3,9.2,32.4,43.9,165,234,179,3717
2026-07-06T04:58:49Z,31.4,9.0,32.7,44.9,150,244,175,3746
2026-07-06T05:03:49Z,29.7,8.9,33.3,43.9,141,252,172,3767
2026-07-06T05:08:49Z,28.4,8.8,33.9,44.7,135,261,170,3780
2026-07-06T05:13:49Z,27.3,8.7,33.9,45.2,130,268,168,3792
2026-07-06T05:18:49Z,26.4,8.6,33.0,44.4,126,276,167,3801
2026-07-06T05:23:49Z,25.7,8.6,33.7,45.6,123,282,166,3808
2026-07-06T05:28:49Z,24.9,8.5,32.9,46.4,120,288,165,3815
2026-07-06T05:33:50Z,24.4,8.5,33.4,45.2,117,293,164,3820
2026-07-06T05:38:50Z,23.9,8.5,33.8,47.9,115,298,164,3825
2026-07-06T05:43:50Z,23.4,8.4,34.2,45.2,114,302,163,3831
2026-07-06T05:48:50Z,23.1,8.4,34.0,45.5,112,306,162,3835
2026-07-06T05:53:50Z,22.7,8.4,33.9,47.0,110,309,162,3840
2026-07-06T05:58:50Z,22.3,8.3,33.5,45.2,109,312,161,3844
2026-07-06T06:03:51Z,22.0,8.3,34.3,44.1,108,315,161,3847
2026-07-06T06:08:51Z,21.5,8.3,33.8,45.6,106,316,160,3852
2026-07-06T06:13:51Z,21.1,8.3,32.8,42.2,105,316,160,3856
2026-07-06T06:18:51Z,20.8,8.2,33.0,48.0,103,316,159,3860
2026-07-09T04:33:19Z,25.5,8.6,31.6,41.2,143,238,166,3809
2026-07-09T04:38:21Z,25.5,8.6,31.3,41.9,143,238,166,3809
2026-07-09T04:43:22Z,25.5,8.6,32.4,43.7,143,238,166,3809
2026-07-09T04:48:22Z,25.5,8.6,32.3,42.5,143,238,166,3809
2026-07-09T04:53:22Z,25.5,8.6,32.3,39.0,143,238,166,3809
2026-07-09T04:58:23Z,25.5,8.6,32.0,41.4,143,238,166,3809
2026-07-09T05:03:23Z,25.5,8.6,31.6,43.2,143,238,166,3809
2026-07-09T05:08:25Z,25.5,8.6,30.2,39.2,143,238,166,3809
2026-07-09T05:13:27Z,25.5,8.6,30.8,38.5,143,238,166,3809
2026-07-09T05:18:28Z,25.5,8.6,30.7,44.7,143,238,166,3809
2026-07-09T05:23:30Z,25.5,8.6,30.4,43.9,143,238,166,3809
2026-07-09T05:28:30Z,25.5,8.6,29.1,42.3,143,238,166,3809
2026-07-09T05:33:30Z,25.5,8.6,28.6,47.0,143,238,166,3809
2026-07-09T05:38:30Z,25.5,8.6,29.4,40.6,143,238,166,3809
2026-07-09T05:43:33Z,25.5,8.6,28.2,44.5,143,238,166,3809
2026-07-09T05:48:31Z,25.5,8.6,28.5,44.4,143,238,166,3809
2026-07-09T05:53:33Z,25.5,8.6,29.9,47.1,143,238,166,3809
2026-07-09T05:58:33Z,25.5,8.6,29.7,46.8,143,238,166,3809
2026-07-09T06:03:36Z,25.5,8.6,28.9,46.5,143,238,166,3809
2026-07-09T06:08:38Z,25.5,8.6,29.3,48.0,143,238,166,3809
2026-07-09T06:13:40Z,25.5,8.6,29.0,45.1,143,238,166,3809
2026-07-09T06:18:38Z,25.5,8.6,28.2,47.8,143,238,166,3809
2026-07-09T06:23:39Z,25.5,8.6,28.2,46.8,143,238,166,3809
2026-07-09T06:28:42Z,25.5,8.6,27.7,48.8,143,238,166,3809
2026-07-09T06:33:40Z,25.5,8.6,27.1,48.5,143,238,166,3809
2026-07-09T06:38:40Z,25.5,8.6,26.6,52.6,143,238,166,3809
2026-07-09T06:43:41Z,25.5,8.6,26.8,54.2,143,238,166,3809
2026-07-09T06:48:42Z,25.5,8.6,26.2,55.3,143,238,166,3809
2026-07-09T06:53:43Z,25.5,8.6,26.0,56.0,143,238,166,3809
2026-07-09T06:58:45Z,25.5,8.6,25.8,57.1,143,238,166,3809
2026-07-09T07:03:47Z,25.5,8.6,25.8,58.4,143,238,166,3809
2026-07-09T07:08:48Z,25.5,8.6,25.1,58.4,143,238,166,3809
2026-07-09T07:13:54Z,25.5,8.6,25.0,58.6,143,238,166,3809
2026-07-09T07:18:54Z,25.5,8.6,24.8,58.3,143,238,166,3809
2026-07-09T07:23:55Z,25.5,8.6,24.5,61.7,143,238,166,3809
2026-07-09T07:28:56Z,25.5,8.6,24.5,61.2,143,238,166,3809
2026-07-09T07:33:57Z,25.5,8.6,24.6,61.6,143,238,166,3809
2026-07-09T07:38:59Z,25.5,8.6,24.4,61.3,143,238,166,3809
2026-07-09T07:43:59Z,25.5,8.6,24.4,62.4,143,238,166,3809
2026-07-09T07:49:00Z,25.5,8.6,24.3,61.0,143,238,166,3809
2026-07-09T07:54:01Z,25.5,8.6,24.0,61.0,143,238,166,3809
2026-07-09T07:59:01Z,25.5,8.6,23.9,62.4,143,238,166,3809
2026-07-09T08:04:02Z,25.5,8.6,23.9,62.6,143,238,166,3809
2026-07-09T08:09:03Z,25.5,8.6,24.1,63.4,143,238,166,3809
2026-07-09T08:14:05Z,25.5,8.6,24.0,65.2,143,238,166,3809
2026-07-09T08:19:06Z,25.5,8.6,23.6,63.1,143,238,166,3809
2026-07-09T08:24:06Z,25.5,8.6,23.5,64.0,143,238,166,3809
2026-07-09T08:29:06Z,25.5,8.6,23.3,64.7,143,238,166,3809
2026-07-09T08:34:07Z,25.5,8.6,23.1,65.5,143,238,166,3809
2026-07-09T08:39:08Z,25.5,8.6,23.3,66.7,143,238,166,3809
2026-07-09T08:44:09Z,25.5,8.6,23.3,65.8,143,238,166,3809
2026-07-09T08:49:10Z,25.5,8.6,23.2,67.3,143,238,166,3809
2026-07-09T08:54:12Z,25.5,8.6,23.1,66.5,143,238,166,3809
2026-07-09T08:59:13Z,25.5,8.6,23.1,66.7,143,238,166,3809
2026-07-09T09:04:13Z,25.5,8.6,23.0,65.7,143,238,166,3809
2026-07-09T09:09:14Z,25.5,8.6,22.9,67.2,143,238,166,3809
2026-07-09T09:14:14Z,25.5,8.6,22.8,67.7,143,238,166,3809
2026-07-09T09:19:14Z,25.5,8.6,22.7,68.3,143,238,166,3809
2026-07-09T09:24:14Z,25.5,8.6,22.6,69.1,143,238,166,3809
2026-07-09T09:29:15Z,25.5,8.6,22.5,70.5,143,238,166,3809
2026-07-09T09:34:16Z,25.5,8.6,22.3,71.6,143,238,166,3809
2026-07-09T09:39:17Z,25.5,8.6,22.0,72.7,143,238,166,3809
2026-07-09T09:44:19Z,25.5,8.6,21.8,74.0,143,238,166,3809
2026-07-09T09:49:21Z,25.5,8.6,21.6,74.2,143,238,166,3809
2026-07-09T09:54:25Z,25.5,8.6,21.5,75.3,143,238,166,3809
2026-07-09T09:59:23Z,25.5,8.6,21.3,76.0,143,238,166,3809
2026-07-09T10:04:23Z,25.5,8.6,21.0,75.8,143,238,166,3809
2026-07-09T10:09:24Z,25.5,8.6,20.8,76.4,143,238,166,3809
2026-07-09T10:14:24Z,25.5,8.6,20.7,76.4,143,238,166,3809
2026-07-09T10:19:26Z,25.5,8.6,20.5,74.9,143,238,166,3809
2026-07-09T10:24:28Z,25.5,8.6,20.2,75.0,143,238,166,3809
2026-07-09T10:29:28Z,25.5,8.6,20.0,75.4,143,238,166,3809
2026-07-09T10:34:30Z,25.5,8.6,19.7,76.2,143,238,166,3809
2026-07-09T10:39:31Z,25.5,8.6,19.5,76.8,143,238,166,3809
2026-07-09T10:44:33Z,25.5,8.6,19.4,77.7,143,238,166,3809
2026-07-09T10:49:35Z,25.5,8.6,19.2,77.8,143,238,166,3809
2026-07-09T10:54:33Z,25.5,8.6,19.0,77.3,143,238,166,3809
2026-07-09T10:59:34Z,25.5,8.6,18.8,78.0,143,238,166,3809
2026-07-09T11:04:35Z,25.5,8.6,18.6,78.9,143,238,166,3809
2026-07-09T11:09:37Z,25.5,8.6,18.5,79.9,143,238,166,3809
2026-07-09T11:14:39Z,25.5,8.6,18.4,79.8,143,238,166,3809
2026-07-09T11:19:41Z,25.5,8.6,18.3,80.4,143,238,166,3809
2026-07-09T11:24:41Z,25.5,8.6,18.2,80.4,143,238,166,3809
2026-07-09T11:29:41Z,25.5,8.6,18.0,80.6,143,238,166,3809
2026-07-09T11:34:42Z,25.5,8.6,17.9,81.3,143,238,166,3809
2026-07-09T11:39:42Z,25.5,8.6,17.7,81.8,143,238,166,3809
2026-07-09T11:44:43Z,25.5,8.6,17.6,82.1,143,238,166,3809
2026-07-09T11:49:44Z,25.5,8.6,17.5,83.1,143,238,166,3809
2026-07-09T11:54:44Z,25.5,8.6,17.5,84.5,143,238,166,3809
2026-07-09T11:59:46Z,25.5,8.6,17.4,82.8,143,238,166,3809
2026-07-09T12:04:46Z,25.5,8.6,17.3,82.6,143,238,166,3809
2026-07-09T12:09:47Z,25.5,8.6,17.3,84.1,143,238,166,3809
2026-07-09T12:14:47Z,25.5,8.6,17.3,85.5,143,238,166,3809
2026-07-09T12:19:48Z,25.5,8.6,17.4,86.8,143,238,166,3809
2026-07-09T12:24:50Z,25.5,8.6,17.5,86.1,143,238,166,3809
2026-07-09T12:29:50Z,25.5,8.6,17.4,86.4,143,238,166,3809
2026-07-09T12:34:51Z,25.5,8.6,17.4,86.8,143,238,166,3809
2026-07-09T12:39:52Z,25.5,8.6,17.4,86.7,143,238,166,3809
2026-07-09T12:44:54Z,25.5,8.6,17.3,85.5,143,238,166,3809
2026-07-09T12:49:54Z,25.5,8.6,17.2,84.8,143,238,166,3809
2026-07-09T12:54:56Z,25.5,8.6,17.0,84.6,143,238,166,3809
2026-07-09T12:59:54Z,25.5,8.6,16.9,85.0,143,238,166,3809
2026-07-09T13:04:56Z,25.5,8.6,16.9,85.1,143,238,166,3809
2026-07-09T13:09:57Z,25.5,8.6,16.8,85.7,143,238,166,3809
2026-07-09T13:14:57Z,25.5,8.6,16.8,85.8,143,238,166,3809
2026-07-09T13:19:58Z,25.5,8.6,16.9,86.2,143,238,166,3809
2026-07-09T13:24:59Z,25.5,8.6,16.9,87.2,143,238,166,3809
2026-07-09T13:29:59Z,25.5,8.6,17.0,87.6,143,238,166,3809
2026-07-09T13:35:01Z,25.5,8.6,17.1,88.7,143,238,166,3809
2026-07-09T13:40:03Z,25.5,8.6,17.2,88.4,143,238,166,3809
2026-07-09T13:45:04Z,25.5,8.6,17.2,87.1,143,238,166,3809
2026-07-09T13:50:06Z,25.5,8.6,17.2,87.1,143,238,166,3809
2026-07-09T13:55:06Z,25.5,8.6,17.1,86.7,143,238,166,3809
2026-07-09T14:00:08Z,25.5,8.6,17.0,86.2,143,238,166,3809
2026-07-09T14:05:08Z,25.5,8.6,16.9,85.9,143,238,166,3809
2026-07-09T14:10:08Z,25.5,8.6,16.7,86.1,143,238,166,3809
2026-07-09T14:15:10Z,25.5,8.6,16.5,86.2,143,238,166,3809
2026-07-09T14:20:12Z,25.5,8.6,16.4,86.0,143,238,166,3809
2026-07-09T14:25:12Z,25.5,8.6,16.3,85.7,143,238,166,3809
2026-07-09T14:30:13Z,25.5,8.6,16.2,85.7,143,238,166,3809
2026-07-09T14:35:15Z,25.5,8.6,16.0,85.2,143,238,166,3809
2026-07-09T14:40:16Z,25.5,8.6,15.9,86.1,143,238,166,3809
2026-07-09T14:45:21Z,25.5,8.6,15.8,85.8,143,238,166,3809
2026-07-09T14:50:19Z,25.5,8.6,15.6,86.5,143,238,166,3809
2026-07-09T14:55:20Z,25.5,8.6,15.6,87.0,143,238,166,3809
2026-07-09T15:00:21Z,25.5,8.6,15.6,87.8,143,238,166,3809
2026-07-09T15:05:22Z,25.5,8.6,15.6,87.7,143,238,166,3809
2026-07-09T15:10:22Z,25.5,8.6,15.5,87.7,143,238,166,3809
2026-07-09T15:15:22Z,25.5,8.6,15.4,88.0,143,238,166,3809
2026-07-09T15:20:22Z,25.5,8.6,15.4,88.9,143,238,166,3809
2026-07-09T15:25:22Z,25.5,8.6,15.4,89.1,143,238,166,3809
2026-07-09T15:30:23Z,25.5,8.6,15.5,89.1,143,238,166,3809
2026-07-09T15:35:23Z,25.5,8.6,15.5,90.1,143,238,166,3809
2026-07-09T15:40:23Z,25.5,8.6,15.5,90.4,143,238,166,3809
2026-07-09T15:45:24Z,25.5,8.6,15.5,89.8,143,238,166,3809
2026-07-09T15:50:26Z,25.5,8.6,15.5,89.7,143,238,166,3809
2026-07-09T15:55:26Z,25.5,8.6,15.4,89.8,143,238,166,3809
2026-07-09T16:00:28Z,25.5,8.6,15.4,90.0,143,238,166,3809
2026-07-09T16:05:28Z,25.5,8.6,15.4,89.7,143,238,166,3809
2026-07-09T16:10:28Z,25.5,8.6,15.4,89.8,143,238,166,3809
2026-07-09T16:15:29Z,25.5,8.6,15.4,89.9,143,238,166,3809
2026-07-09T16:20:31Z,25.5,8.6,15.3,89.4,143,238,166,3809
2026-07-09T16:25:31Z,25.5,8.6,15.2,89.0,143,238,166,3809
2026-07-09T16:30:33Z,25.5,8.6,15.2,89.2,143,238,166,3809
2026-07-09T16:35:35Z,25.5,8.6,15.1,88.9,143,238,166,3809
2026-07-09T16:40:35Z,25.5,8.6,15.0,88.3,143,238,166,3809
2026-07-09T16:45:33Z,25.5,8.6,15.0,87.8,143,238,166,3809
2026-07-09T16:50:34Z,25.5,8.6,14.9,88.4,143,238,166,3809
2026-07-09T16:55:35Z,25.5,8.6,14.9,89.3,143,238,166,3809
2026-07-09T17:00:36Z,25.5,8.6,14.9,89.2,143,238,166,3809
2026-07-09T17:05:36Z,25.5,8.6,14.9,88.8,143,238,166,3809
2026-07-09T17:10:36Z,25.5,8.6,14.8,88.6,143,238,166,3809
2026-07-09T17:15:36Z,25.5,8.6,14.8,88.7,143,238,166,3809
2026-07-09T17:20:38Z,25.5,8.6,14.7,88.0,143,238,166,3809
2026-07-09T17:25:39Z,25.5,8.6,14.7,87.2,143,238,166,3809
2026-07-09T17:30:41Z,25.5,8.6,14.6,88.1,143,238,166,3809
2026-07-09T17:35:41Z,25.5,8.6,14.7,88.6,143,238,166,3809
2026-07-09T17:40:43Z,25.5,8.6,14.7,89.0,143,238,166,3809
2026-07-09T17:45:45Z,25.5,8.6,14.8,89.2,143,238,166,3809
2026-07-09T17:50:46Z,25.5,8.6,14.9,90.2,143,238,166,3809
2026-07-09T17:55:48Z,25.5,8.6,14.9,89.2,143,238,166,3809
2026-07-09T18:00:56Z,25.5,8.6,14.8,88.4,143,238,166,3809
2026-07-09T18:05:56Z,25.5,8.6,14.8,88.3,143,238,166,3809
2026-07-09T18:10:57Z,25.5,8.6,14.7,88.3,143,238,166,3809
2026-07-09T18:15:58Z,25.5,8.6,14.7,88.3,143,238,166,3809
2026-07-09T18:20:58Z,25.5,8.6,14.6,88.7,143,238,166,3809
2026-07-09T18:26:00Z,25.5,8.6,14.6,88.2,143,238,166,3809
2026-07-09T18:31:02Z,25.5,8.6,14.6,88.3,143,238,166,3809
2026-07-09T18:36:04Z,25.5,8.6,14.6,87.8,143,238,166,3809
2026-07-09T18:41:05Z,25.5,8.6,14.6,87.4,143,238,166,3809
2026-07-09T18:46:07Z,25.5,8.6,14.5,87.0,143,238,166,3809
2026-07-09T18:51:09Z,25.5,8.6,14.5,87.2,143,238,166,3809
2026-07-09T18:56:07Z,25.5,8.6,14.5,86.9,143,238,166,3809
2026-07-09T19:01:09Z,25.5,8.6,14.4,86.7,143,238,166,3809
2026-07-09T19:06:10Z,25.5,8.6,14.4,86.5,143,238,166,3809
2026-07-09T19:11:11Z,25.5,8.6,14.4,86.6,143,238,166,3809
2026-07-09T19:16:13Z,25.5,8.6,14.3,86.4,143,238,166,3809
2026-07-09T19:21:14Z,25.5,8.6,14.3,86.3,143,238,166,3809
2026-07-09T19:26:14Z,25.5,8.6,14.2,86.4,143,238,166,3809
2026-07-09T19:31:14Z,25.5,8.6,14.2,86.7,143,238,166,3809
2026-07-09T19:36:15Z,25.5,8.6,14.2,87.4,143,238,166,3809
2026-07-09T19:41:15Z,25.5,8.6,14.3,88.2,143,238,166,3809
2026-07-09T19:46:16Z,25.5,8.6,14.4,89.0,143,238,166,3809
2026-07-09T19:51:17Z,25.5,8.6,14.5,89.7,143,238,166,3809
2026-07-09T19:56:17Z,25.5,8.6,14.6,89.2,143,238,166,3809
2026-07-09T20:01:18Z,25.5,8.6,14.7,88.6,143,238,166,3809
2026-07-09T20:06:19Z,25.5,8.6,14.7,88.4,143,238,166,3809
2026-07-09T20:11:19Z,25.5,8.6,14.7,88.5,143,238,166,3809
2026-07-09T20:16:21Z,25.5,8.6,14.7,88.5,143,238,166,3809
2026-07-09T20:21:22Z,25.5,8.6,14.7,88.9,143,238,166,3809
2026-07-09T20:26:22Z,25.5,8.6,14.7,89.0,143,238,166,3809
2026-07-09T20:31:22Z,25.5,8.6,14.8,88.9,143,238,166,3809
2026-07-09T20:36:22Z,25.5,8.6,14.9,88.8,143,238,166,3809
2026-07-09T20:41:24Z,25.5,8.6,15.0,88.7,143,238,166,3809
2026-07-09T20:46:25Z,25.5,8.6,15.1,88.8,143,238,166,3809
2026-07-09T20:51:26Z,25.5,8.6,15.2,88.9,143,238,166,3809
2026-07-09T20:56:27Z,25.5,8.6,15.2,88.8,143,238,166,3809
2026-07-09T21:01:27Z,25.5,8.6,15.3,88.8,143,238,166,3809
2026-07-09T21:06:29Z,25.5,8.6,15.3,88.7,143,238,166,3809
2026-07-09T21:11:31Z,25.5,8.6,15.3,88.3,143,238,166,3809
2026-07-09T21:16:31Z,25.5,8.6,15.3,87.7,143,238,166,3809
2026-07-09T21:21:33Z,25.5,8.6,15.2,87.7,143,238,166,3809
2026-07-09T21:26:34Z,25.5,8.6,15.1,87.4,143,238,166,3809
2026-07-09T21:31:34Z,25.5,8.6,15.0,87.0,143,238,166,3809
2026-07-09T21:36:35Z,25.5,8.6,15.0,85.9,143,238,166,3809
2026-07-09T21:41:35Z,25.5,8.6,14.9,85.0,143,238,166,3809
2026-07-09T21:46:36Z,25.5,8.6,14.8,83.7,143,238,166,3809
2026-07-09T21:51:38Z,25.5,8.6,14.7,83.0,143,238,166,3809
2026-07-09T21:56:38Z,25.5,8.6,14.6,82.3,143,238,166,3809
2026-07-09T22:01:39Z,25.5,8.6,14.5,82.1,143,238,166,3809
2026-07-09T22:06:40Z,25.5,8.6,14.4,82.2,143,238,166,3809
2026-07-09T22:11:40Z,25.5,8.6,14.4,82.2,143,238,166,3809
2026-07-09T22:16:40Z,25.5,8.6,14.3,82.5,143,238,166,3809
2026-07-09T22:21:41Z,25.5,8.6,14.3,82.9,143,238,166,3809
2026-07-09T22:26:42Z,25.5,8.6,14.3,82.7,143,238,166,3809
2026-07-09T22:31:43Z,25.5,8.6,14.2,82.9,143,238,166,3809
2026-07-09T22:36:44Z,25.5,8.6,14.2,82.8,143,238,166,3809
2026-07-09T22:41:44Z,25.5,8.6,14.2,82.5,143,238,166,3809
2026-07-09T22:46:45Z,25.5,8.6,14.2,82.6,143,238,166,3809
2026-07-09T22:51:46Z,25.5,8.6,14.2,82.8,143,238,166,3809
2026-07-09T22:56:47Z,25.5,8.6,14.2,82.9,143,238,166,3809
2026-07-09T23:01:47Z,25.5,8.6,14.2,82.8,143,238,166,3809
2026-07-09T23:06:49Z,25.5,8.6,14.4,83.3,143,238,166,3809
2026-07-09T23:11:50Z,25.5,8.6,14.6,83.5,143,238,166,3809
2026-07-09T23:16:51Z,25.5,8.6,14.8,83.7,143,238,166,3809
2026-07-09T23:21:51Z,25.5,8.6,15.2,83.3,143,238,166,3809
2026-07-09T23:26:53Z,25.5,8.6,15.5,83.5,143,238,166,3809
2026-07-09T23:31:54Z,25.5,8.6,15.9,83.9,143,238,166,3809
2026-07-09T23:36:54Z,25.5,8.6,16.3,83.3,143,238,166,3809
2026-07-09T23:41:56Z,25.5,8.6,16.8,84.0,143,238,166,3809
2026-07-09T23:46:56Z,25.5,8.6,17.3,83.9,143,238,166,3809
2026-07-09T23:51:57Z,25.5,8.6,17.8,82.5,143,238,166,3809
2026-07-09T23:57:00Z,25.5,8.6,18.4,81.8,143,238,166,3809
2026-07-10T00:02:02Z,25.5,8.6,19.0,85.0,143,238,166,3809
2026-07-10T00:07:02Z,25.5,8.6,19.6,84.9,143,238,166,3809
2026-07-10T00:12:05Z,25.5,8.6,20.2,75.0,143,238,166,3809
2026-07-10T00:17:05Z,25.5,8.6,20.6,72.5,143,238,166,3809
2026-07-10T00:22:07Z,25.5,8.6,21.0,67.0,143,238,166,3809
2026-07-10T00:27:07Z,25.5,8.6,21.3,67.3,143,238,166,3809
2026-07-10T00:32:08Z,25.5,8.6,21.6,64.9,143,238,166,3809
2026-07-10T00:37:09Z,25.5,8.6,22.0,65.3,143,238,166,3809
2026-07-10T00:42:10Z,25.5,8.6,22.3,63.3,143,238,166,3809
2026-07-10T00:47:12Z,25.5,8.6,22.8,64.2,143,238,166,3809
2026-07-10T00:52:12Z,25.5,8.6,23.1,62.2,143,238,166,3809
2026-07-10T00:57:14Z,25.5,8.6,23.6,60.6,143,238,166,3809
2026-07-10T01:02:14Z,25.5,8.6,23.9,57.4,143,238,166,3809
2026-07-10T01:07:16Z,25.5,8.6,24.3,56.9,143,238,166,3809
2026-07-10T01:12:14Z,25.5,8.6,24.7,57.6,143,238,166,3809
2026-07-10T01:17:16Z,25.5,8.6,24.9,54.9,143,238,166,3809
2026-07-10T01:22:15Z,25.5,8.6,25.1,55.4,143,238,166,3809
2026-07-10T01:27:16Z,25.5,8.6,25.2,50.5,143,238,166,3809
2026-07-10T01:32:16Z,25.5,8.6,25.6,52.7,143,238,166,3809
2026-07-10T01:37:17Z,25.5,8.6,26.0,49.2,143,238,166,3809
2026-07-10T01:42:19Z,25.5,8.6,26.2,49.1,143,238,166,3809
2026-07-10T01:47:17Z,25.5,8.6,26.7,50.4,143,238,166,3809
2026-07-10T01:52:17Z,25.5,8.6,26.9,47.7,143,238,166,3809
2026-07-10T01:57:17Z,25.5,8.6,27.1,50.0,143,238,166,3809
2026-07-10T02:02:19Z,25.5,8.6,27.9,50.6,143,238,166,3809
2026-07-10T02:07:19Z,25.5,8.6,28.0,49.0,143,238,166,3809
2026-07-10T02:12:19Z,25.5,8.6,28.2,45.0,143,238,166,3809
2026-07-10T02:17:19Z,25.5,8.6,28.2,49.4,143,238,166,3809
2026-07-10T02:22:20Z,25.5,8.6,28.7,43.6,143,238,166,3809
2026-07-10T02:27:22Z,25.5,8.6,28.8,48.7,143,238,166,3809
2026-07-10T02:32:23Z,25.5,8.6,29.0,46.2,143,238,166,3809
2026-07-10T02:37:24Z,25.5,8.6,29.3,42.8,143,238,166,3809
2026-07-10T02:42:24Z,25.5,8.6,29.2,42.3,143,238,166,3809
2026-07-10T02:47:25Z,25.5,8.6,29.5,46.9,143,238,166,3809
2026-07-10T02:52:26Z,25.5,8.6,30.1,47.2,143,238,166,3809
2026-07-10T02:57:26Z,25.5,8.6,30.1,45.3,143,238,166,3809
2026-07-10T03:02:28Z,25.5,8.6,30.3,44.1,143,238,166,3809
2026-07-10T03:07:26Z,25.5,8.6,29.9,42.2,143,238,166,3809
2026-07-10T03:12:29Z,25.5,8.6,29.9,41.4,143,238,166,3809
2026-07-10T03:17:29Z,25.5,8.6,30.0,42.0,143,238,166,3809
2026-07-10T03:22:31Z,25.5,8.6,31.0,47.9,143,238,166,3809
2026-07-10T03:27:31Z,25.5,8.6,29.6,44.6,143,238,166,3809
2026-07-10T03:32:32Z,25.5,8.6,30.0,43.5,143,238,166,3809
2026-07-10T03:37:32Z,25.5,8.6,30.2,43.0,143,238,166,3809
2026-07-10T03:42:34Z,25.5,8.6,29.2,44.1,143,238,166,3809
2026-07-10T03:47:34Z,25.5,8.6,28.0,49.0,143,238,166,3809
2026-07-10T03:52:35Z,25.5,8.6,28.2,50.1,143,238,166,3809
2026-07-10T03:57:36Z,25.5,8.6,27.9,48.2,143,238,166,3809
2026-07-10T04:02:37Z,25.5,8.6,27.7,48.1,143,238,166,3809
2026-07-10T04:07:39Z,25.5,8.6,29.2,51.4,143,238,166,3809
2026-07-10T04:12:39Z,25.5,8.6,28.8,47.0,143,238,166,3809
2026-07-10T04:17:40Z,25.5,8.6,28.4,49.0,143,238,166,3809
2026-07-10T04:22:40Z,25.5,8.6,27.9,49.0,143,238,166,3809
2026-07-10T04:27:41Z,25.5,8.6,27.1,48.3,143,238,166,3809
2026-07-10T04:32:42Z,25.5,8.6,27.9,52.4,143,238,166,3809
2026-07-10T04:37:43Z,25.5,8.6,28.3,46.8,143,238,166,3809
2026-07-10T04:42:45Z,25.5,8.6,28.0,51.3,143,238,166,3809
2026-07-10T04:47:46Z,25.5,8.6,28.1,49.9,143,238,166,3809
2026-07-10T04:52:48Z,25.5,8.6,28.6,53.6,143,238,166,3809
2026-07-10T04:57:48Z,25.5,8.6,28.1,52.3,143,238,166,3809
2026-07-10T05:02:48Z,25.5,8.6,27.9,53.9,143,238,166,3809
2026-07-10T05:07:50Z,25.5,8.6,26.9,51.8,143,238,166,3809
2026-07-10T05:12:52Z,25.5,8.6,27.3,57.3,143,238,166,3809
2026-07-10T05:17:54Z,25.5,8.6,27.7,54.9,143,238,166,3809
2026-07-10T05:22:53Z,25.5,8.6,27.7,54.9,143,238,166,3809
2026-07-10T05:27:53Z,25.5,8.6,27.7,55.3,143,238,166,3809
2026-07-10T05:32:54Z,25.5,8.6,27.3,54.9,143,238,166,3809
2026-07-10T05:37:54Z,25.5,8.6,26.9,53.8,143,238,166,3809
2026-07-10T05:42:54Z,25.5,8.6,27.1,55.2,143,238,166,3809
2026-07-10T05:47:55Z,25.5,8.6,26.8,52.3,143,238,166,3809
2026-07-10T05:52:55Z,25.5,8.6,26.3,52.1,143,238,166,3809
2026-07-10T05:57:58Z,25.5,8.6,27.0,52.7,143,238,166,3809
2026-07-10T06:03:00Z,25.5,8.6,27.7,52.0,143,238,166,3809
2026-07-10T06:08:02Z,25.5,8.6,28.6,48.9,143,238,166,3809
2026-07-10T06:13:02Z,25.5,8.6,29.0,49.1,143,238,166,3809
2026-07-10T06:18:04Z,25.5,8.6,28.4,53.4,143,238,166,3809
2026-07-10T06:23:02Z,25.5,8.6,28.7,49.6,143,238,166,3809
2026-07-10T06:28:04Z,25.5,8.6,28.8,45.6,143,238,166,3809
2026-07-10T06:33:05Z,25.5,8.6,28.4,48.9,143,238,166,3809
2026-07-10T06:38:06Z,25.5,8.6,28.0,47.4,143,238,166,3809
2026-07-10T06:43:08Z,25.5,8.6,27.9,50.6,143,238,166,3809
2026-07-10T06:48:08Z,25.5,8.6,27.5,54.5,143,238,166,3809
2026-07-10T06:53:10Z,25.5,8.6,27.1,52.9,143,238,166,3809
2026-07-10T06:58:11Z,25.5,8.6,26.8,53.5,143,238,166,3809
2026-07-10T07:03:12Z,25.5,8.6,27.1,54.5,143,238,166,3809
2026-07-10T07:08:14Z,25.5,8.6,26.8,53.4,143,238,166,3809
2026-07-10T07:13:16Z,25.5,8.6,25.9,55.6,143,238,166,3809
2026-07-10T07:18:16Z,25.5,8.6,25.5,55.3,143,238,166,3809
2026-07-10T07:23:18Z,25.5,8.6,25.6,57.8,143,238,166,3809
2026-07-10T07:28:19Z,25.5,8.6,25.4,60.2,143,238,166,3809
2026-07-10T07:33:19Z,25.5,8.6,25.4,58.9,143,238,166,3809
2026-07-10T07:38:20Z,25.5,8.6,25.4,58.9,143,238,166,3809
2026-07-10T07:43:22Z,25.5,8.6,24.8,59.8,143,238,166,3809
2026-07-10T07:48:23Z,25.5,8.6,24.8,61.0,143,238,166,3809
2026-07-10T07:53:25Z,25.5,8.6,24.4,57.5,143,238,166,3809
2026-07-10T07:58:27Z,25.5,8.6,24.5,61.1,143,238,166,3809
2026-07-10T08:03:27Z,25.5,8.6,24.4,60.5,143,238,166,3809
2026-07-10T08:08:27Z,25.5,8.6,24.5,62.9,143,238,166,3809
2026-07-10T08:13:29Z,25.5,8.6,24.2,60.4,143,238,166,3809
2026-07-10T08:18:29Z,25.5,8.6,23.8,61.5,143,238,166,3809
2026-07-10T08:23:30Z,25.5,8.6,23.8,61.3,143,238,166,3809
2026-07-10T08:28:31Z,25.5,8.6,23.6,62.8,143,238,166,3809
2026-07-10T08:33:33Z,25.5,8.6,23.6,62.8,143,238,166,3809
2026-07-10T08:38:34Z,25.5,8.6,23.7,65.6,143,238,166,3809
2026-07-10T08:43:35Z,25.5,8.6,23.4,63.4,143,238,166,3809
2026-07-10T08:48:36Z,25.5,8.6,23.2,64.5,143,238,166,3809
2026-07-10T08:53:37Z,25.5,8.6,22.9,63.7,143,238,166,3809
2026-07-10T08:58:39Z,25.5,8.6,22.9,65.4,143,238,166,3809
2026-07-10T09:03:39Z,25.5,8.6,22.8,66.5,143,238,166,3809
2026-07-10T09:08:41Z,25.5,8.6,22.8,67.2,143,238,166,3809
2026-07-10T09:13:39Z,25.5,8.6,22.5,66.2,143,238,166,3809
2026-07-10T09:18:41Z,25.5,8.6,22.5,66.8,143,238,166,3809
2026-07-10T09:23:41Z,25.5,8.6,22.4,66.8,143,238,166,3809
2026-07-10T09:28:42Z,25.5,8.6,22.3,68.8,143,238,166,3809
2026-07-10T09:33:42Z,25.5,8.6,22.1,68.3,143,238,166,3809
2026-07-10T09:38:43Z,25.5,8.6,21.9,69.5,143,238,166,3809
2026-07-10T09:43:43Z,25.5,8.6,21.7,70.0,143,238,166,3809
2026-07-10T09:48:43Z,25.5,8.6,21.5,70.3,143,238,166,3809
2026-07-10T09:53:45Z,25.5,8.6,21.3,71.8,143,238,166,3809
2026-07-10T09:58:45Z,25.5,8.6,21.1,72.4,143,238,166,3809
2026-07-10T10:03:45Z,25.5,8.6,20.9,71.6,143,238,166,3809
2026-07-10T10:08:46Z,25.5,8.6,20.7,70.9,143,238,166,3809
2026-07-10T10:13:46Z,25.5,8.6,20.4,71.9,143,238,166,3809
2026-07-10T10:18:47Z,25.5,8.6,20.1,72.0,143,238,166,3809
2026-07-10T10:23:49Z,25.5,8.6,19.7,72.4,143,238,166,3809
2026-07-10T10:28:49Z,25.5,8.6,19.4,73.7,143,238,166,3809
2026-07-10T10:33:49Z,25.5,8.6,19.0,74.5,143,238,166,3809
2026-07-10T10:38:50Z,25.5,8.6,18.7,75.5,143,238,166,3809
2026-07-10T10:43:52Z,25.5,8.6,18.6,76.2,143,238,166,3809
2026-07-10T10:48:52Z,25.5,8.6,18.5,76.9,143,238,166,3809
2026-07-10T10:53:54Z,25.5,8.6,18.3,77.3,143,238,166,3809
2026-07-10T10:58:55Z,25.5,8.6,18.2,78.2,143,238,166,3809
2026-07-10T11:03:57Z,25.5,8.6,18.0,78.6,143,238,166,3809
2026-07-10T11:08:59Z,25.5,8.6,17.9,78.9,143,238,166,3809
2026-07-10T11:13:59Z,25.5,8.6,17.7,79.7,143,238,166,3809
2026-07-10T11:19:00Z,25.5,8.6,17.6,80.0,143,238,166,3809
2026-07-10T11:24:00Z,25.5,8.6,17.5,80.7,143,238,166,3809
2026-07-10T11:29:01Z,25.5,8.6,17.3,80.8,143,238,166,3809
2026-07-10T11:34:02Z,25.5,8.6,17.2,81.4,143,238,166,3809
2026-07-10T11:39:03Z,25.5,8.6,17.0,81.9,143,238,166,3809
2026-07-10T11:44:04Z,25.5,8.6,17.0,82.1,143,238,166,3809
2026-07-10T11:49:06Z,25.5,8.6,16.8,82.8,143,238,166,3809
2026-07-10T11:54:08Z,25.5,8.6,16.7,82.8,143,238,166,3809
2026-07-10T11:59:08Z,25.5,8.6,16.6,83.5,143,238,166,3809
2026-07-10T12:04:08Z,25.5,8.6,16.6,83.4,143,238,166,3809
2026-07-10T12:09:10Z,25.5,8.6,16.5,83.9,143,238,166,3809
2026-07-10T12:14:09Z,25.5,8.6,16.5,84.5,143,238,166,3809
2026-07-10T12:19:10Z,25.5,8.6,16.5,84.2,143,238,166,3809
2026-07-10T12:24:11Z,25.5,8.6,16.4,84.9,143,238,166,3809
2026-07-10T12:29:12Z,25.5,8.6,16.4,85.2,143,238,166,3809
2026-07-10T12:34:14Z,25.5,8.6,16.3,84.9,143,238,166,3809
2026-07-10T12:39:13Z,25.5,8.6,16.3,85.6,143,238,166,3809
2026-07-10T12:44:13Z,25.5,8.6,16.3,85.7,143,238,166,3809
2026-07-10T12:49:13Z,25.5,8.6,16.2,85.6,143,238,166,3809
2026-07-10T12:54:15Z,25.5,8.6,16.2,86.0,143,238,166,3809
2026-07-10T12:59:16Z,25.5,8.6,16.2,86.2,143,238,166,3809
2026-07-10T13:04:17Z,25.5,8.6,16.2,86.0,143,238,166,3809
2026-07-10T13:09:19Z,25.5,8.6,16.1,86.2,143,238,166,3809
2026-07-10T13:14:21Z,25.5,8.6,16.0,86.3,143,238,166,3809
2026-07-10T13:19:21Z,25.5,8.6,16.1,86.3,143,238,166,3809
2026-07-10T13:24:23Z,25.5,8.6,16.0,86.7,143,238,166,3809
2026-07-10T13:29:23Z,25.5,8.6,16.0,87.0,143,238,166,3809
2026-07-10T13:34:24Z,25.5,8.6,16.0,87.4,143,238,166,3809
2026-07-10T13:39:25Z,25.5,8.6,16.0,87.5,143,238,166,3809
2026-07-10T13:44:25Z,25.5,8.6,16.0,87.5,143,238,166,3809
2026-07-10T13:49:26Z,25.5,8.6,16.0,87.4,143,238,166,3809
2026-07-10T13:54:28Z,25.5,8.6,15.9,87.2,143,238,166,3809
2026-07-10T13:59:29Z,25.5,8.6,15.9,86.8,143,238,166,3809
2026-07-10T14:04:30Z,25.5,8.6,15.9,86.9,143,238,166,3809
2026-07-10T14:09:31Z,25.5,8.6,15.9,86.8,143,238,166,3809
2026-07-10T14:14:32Z,25.5,8.6,15.9,86.9,143,238,166,3809
2026-07-10T14:19:33Z,25.5,8.6,15.8,86.9,143,238,166,3809
2026-07-10T14:24:34Z,25.5,8.6,15.8,86.6,143,238,166,3809
2026-07-10T14:29:35Z,25.5,8.6,15.7,86.3,143,238,166,3809
2026-07-10T14:34:37Z,25.5,8.6,15.6,85.6,143,238,166,3809
2026-07-10T14:39:38Z,25.5,8.6,15.6,85.2,143,238,166,3809
2026-07-10T14:44:38Z,25.5,8.6,15.5,85.0,143,238,166,3809
2026-07-10T14:49:38Z,25.5,8.6,15.5,85.1,143,238,166,3809
2026-07-10T14:54:40Z,25.5,8.6,15.5,85.3,143,238,166,3809
2026-07-10T14:59:40Z,25.5,8.6,15.4,84.0,143,238,166,3809
2026-07-10T15:04:42Z,25.5,8.6,15.3,82.9,143,238,166,3809
2026-07-10T15:09:43Z,25.5,8.6,15.3,83.5,143,238,166,3809
2026-07-10T15:14:44Z,25.5,8.6,15.2,83.4,143,238,166,3809
2026-07-10T15:19:46Z,25.5,8.6,15.2,83.5,143,238,166,3809
2026-07-10T15:24:47Z,25.5,8.6,15.1,84.0,143,238,166,3809
2026-07-10T15:29:48Z,25.5,8.6,15.1,84.3,143,238,166,3809
2026-07-10T15:34:48Z,25.5,8.6,15.1,84.5,143,238,166,3809
2026-07-10T15:39:50Z,25.5,8.6,15.1,84.3,143,238,166,3809
2026-07-10T15:44:50Z,25.5,8.6,15.1,84.0,143,238,166,3809
2026-07-10T15:49:50Z,25.5,8.6,15.1,84.3,143,238,166,3809
2026-07-10T15:54:51Z,25.5,8.6,15.1,84.5,143,238,166,3809
2026-07-10T15:59:51Z,25.5,8.6,15.1,85.4,143,238,166,3809
2026-07-10T16:04:52Z,25.5,8.6,15.1,86.1,143,238,166,3809
2026-07-10T16:09:54Z,25.5,8.6,15.1,86.4,143,238,166,3809
2026-07-10T16:14:53Z,25.5,8.6,15.1,86.7,143,238,166,3809
2026-07-10T16:19:53Z,25.5,8.6,15.1,87.5,143,238,166,3809
2026-07-10T16:24:53Z,25.5,8.6,15.2,88.1,143,238,166,3809
2026-07-10T16:29:53Z,25.5,8.6,15.2,87.9,143,238,166,3809
2026-07-10T16:34:55Z,25.5,8.6,15.2,87.6,143,238,166,3809
2026-07-10T16:39:55Z,25.5,8.6,15.2,87.2,143,238,166,3809
2026-07-10T16:44:55Z,25.5,8.6,15.2,86.9,143,238,166,3809
2026-07-10T16:49:55Z,25.5,8.6,15.1,86.0,143,238,166,3809
2026-07-10T16:54:57Z,25.5,8.6,15.0,85.5,143,238,166,3809
2026-07-10T16:59:56Z,25.5,8.6,15.0,85.2,143,238,166,3809
2026-07-10T17:04:57Z,25.5,8.6,14.8,85.2,143,238,166,3809
2026-07-10T17:10:01Z,25.5,8.6,14.8,85.0,143,238,166,3809
2026-07-10T17:15:00Z,25.5,8.6,14.7,85.5,143,238,166,3809
2026-07-10T17:20:01Z,25.5,8.6,14.6,85.7,143,238,166,3809
2026-07-10T17:25:03Z,25.5,8.6,14.7,85.6,143,238,166,3809
2026-07-10T17:30:04Z,25.5,8.6,14.6,85.7,143,238,166,3809
2026-07-10T17:35:04Z,25.5,8.6,14.6,85.9,143,238,166,3809
2026-07-10T17:40:06Z,25.5,8.6,14.6,86.2,143,238,166,3809
2026-07-10T17:45:07Z,25.5,8.6,14.6,86.4,143,238,166,3809
2026-07-10T17:50:07Z,25.5,8.6,14.6,87.3,143,238,166,3809
2026-07-10T17:55:08Z,25.5,8.6,14.6,88.4,143,238,166,3809
2026-07-10T18:00:09Z,25.5,8.6,14.7,89.3,143,238,166,3809
2026-07-10T18:05:10Z,25.5,8.6,14.7,89.8,143,238,166,3809
2026-07-10T18:10:10Z,25.5,8.6,14.7,89.8,143,238,166,3809
2026-07-10T18:15:10Z,25.5,8.6,14.8,89.8,143,238,166,3809
2026-07-10T18:20:12Z,25.5,8.6,14.8,89.6,143,238,166,3809
2026-07-10T18:25:10Z,25.5,8.6,14.8,89.2,143,238,166,3809
2026-07-10T18:30:12Z,25.5,8.6,14.8,89.3,143,238,166,3809
2026-07-10T18:35:13Z,25.5,8.6,14.8,89.1,143,238,166,3809
2026-07-10T18:40:13Z,25.5,8.6,14.7,89.0,143,238,166,3809
2026-07-10T18:45:15Z,25.5,8.6,14.7,89.0,143,238,166,3809
2026-07-10T18:50:16Z,25.5,8.6,14.6,89.3,143,238,166,3809
2026-07-10T18:55:16Z,25.5,8.6,14.6,89.0,143,238,166,3809
2026-07-10T19:00:18Z,25.5,8.6,14.5,88.8,143,238,166,3809
2026-07-10T19:05:20Z,25.5,8.6,14.6,88.5,143,238,166,3809
2026-07-10T19:10:22Z,25.5,8.6,14.5,88.5,143,238,166,3809
2026-07-10T19:15:21Z,25.5,8.6,14.4,88.5,143,238,166,3809
2026-07-10T19:20:22Z,25.5,8.6,14.3,88.7,143,238,166,3809
2026-07-10T19:25:23Z,25.5,8.6,14.3,88.9,143,238,166,3809
2026-07-10T19:30:25Z,25.5,8.6,14.3,89.0,143,238,166,3809
2026-07-10T19:35:25Z,25.5,8.6,14.2,89.3,143,238,166,3809
2026-07-10T19:40:25Z,25.5,8.6,14.3,89.3,143,238,166,3809
2026-07-10T19:45:27Z,25.5,8.6,14.3,89.5,143,238,166,3809
2026-07-10T19:50:26Z,25.5,8.6,14.3,89.8,143,238,166,3809
2026-07-10T19:55:27Z,25.5,8.6,14.3,90.2,143,238,166,3809
2026-07-10T20:00:28Z,25.5,8.6,14.3,90.1,143,238,166,3809
2026-07-10T20:05:30Z,25.5,8.6,14.3,90.1,143,238,166,3809
2026-07-10T20:10:30Z,25.5,8.6,14.3,90.6,143,238,166,3809
2026-07-10T20:15:31Z,25.5,8.6,14.2,90.3,143,238,166,3809
2026-07-10T20:20:33Z,25.5,8.6,14.3,90.3,143,238,166,3809
2026-07-10T20:25:33Z,25.5,8.6,14.3,89.6,143,238,166,3809
2026-07-10T20:30:33Z,25.5,8.6,14.2,89.6,143,238,166,3809
2026-07-10T20:35:34Z,25.5,8.6,14.2,89.3,143,238,166,3809
2026-07-10T20:40:34Z,25.5,8.6,14.2,88.9,143,238,166,3809
2026-07-10T20:45:36Z,25.5,8.6,14.1,89.0,143,238,166,3809
2026-07-10T20:50:36Z,25.5,8.6,14.1,88.9,143,238,166,3809
2026-07-10T20:55:38Z,25.5,8.6,14.1,89.0,143,238,166,3809
2026-07-10T21:00:36Z,25.5,8.6,14.1,89.0,143,238,166,3809
2026-07-10T21:05:37Z,25.5,8.6,14.1,88.9,143,238,166,3809
2026-07-10T21:10:37Z,25.5,8.6,14.0,88.8,143,238,166,3809
2026-07-10T21:15:39Z,25.5,8.6,14.0,88.6,143,238,166,3809
2026-07-10T21:20:41Z,25.5,8.6,13.9,88.7,143,238,166,3809
2026-07-10T21:25:43Z,25.5,8.6,13.9,88.5,143,238,166,3809
2026-07-10T21:30:43Z,25.5,8.6,13.9,88.3,143,238,166,3809
2026-07-10T21:35:44Z,25.5,8.6,13.9,88.5,143,238,166,3809
2026-07-10T21:40:45Z,25.5,8.6,13.8,88.5,143,238,166,3809
2026-07-10T21:45:45Z,25.5,8.6,13.8,88.5,143,238,166,3809
2026-07-10T21:50:46Z,25.5,8.6,13.8,88.5,143,238,166,3809
2026-07-10T21:55:48Z,25.5,8.6,13.7,88.5,143,238,166,3809
2026-07-10T22:00:49Z,25.5,8.6,13.6,88.4,143,238,166,3809
2026-07-10T22:05:50Z,25.5,8.6,13.7,88.3,143,238,166,3809
2026-07-10T22:10:52Z,25.5,8.6,13.6,88.1,143,238,166,3809
2026-07-10T22:15:53Z,25.5,8.6,13.6,88.2,143,238,166,3809
2026-07-10T22:20:54Z,25.5,8.6,13.6,88.1,143,238,166,3809
2026-07-10T22:25:55Z,25.5,8.6,13.5,88.4,143,238,166,3809
2026-07-10T22:30:57Z,25.5,8.6,13.5,88.9,143,238,166,3809
2026-07-10T22:35:56Z,25.5,8.6,13.4,88.6,143,238,166,3809
2026-07-10T22:40:57Z,25.5,8.6,13.5,88.4,143,238,166,3809
2026-07-10T22:45:57Z,25.5,8.6,13.4,88.5,143,238,166,3809
2026-07-10T22:50:59Z,25.5,8.6,13.4,88.7,143,238,166,3809
2026-07-10T22:56:00Z,25.5,8.6,13.4,88.6,143,238,166,3809
2026-07-10T23:01:02Z,25.5,8.6,13.4,88.9,143,238,166,3809
2026-07-10T23:06:03Z,25.5,8.6,13.5,89.2,143,238,166,3809
2026-07-10T23:11:03Z,25.5,8.6,13.6,88.9,143,238,166,3809
2026-07-10T23:16:03Z,25.5,8.6,13.8,89.1,143,238,166,3809
2026-07-10T23:21:05Z,25.5,8.6,13.9,89.2,143,238,166,3809
2026-07-10T23:26:05Z,25.5,8.6,14.2,88.9,143,238,166,3809
2026-07-10T23:31:05Z,25.5,8.6,14.4,88.2,143,238,166,3809
2026-07-10T23:36:07Z,25.5,8.6,14.7,87.8,143,238,166,3809
2026-07-10T23:41:07Z,25.5,8.6,15.0,87.3,143,238,166,3809
2026-07-10T23:46:07Z,25.5,8.6,15.5,87.2,143,238,166,3809
2026-07-10T23:51:07Z,25.5,8.6,15.9,87.2,143,238,166,3809
2026-07-10T23:56:07Z,25.5,8.6,16.5,90.1,143,238,166,3809
2026-07-11T00:01:08Z,25.5,8.6,17.1,90.8,143,238,166,3809
2026-07-11T00:06:08Z,25.5,8.6,17.8,87.2,143,238,166,3809
2026-07-11T00:11:09Z,25.5,8.6,18.5,82.9,143,238,166,3809
2026-07-11T00:16:11Z,25.5,8.6,19.0,81.4,143,238,166,3809
2026-07-11T00:21:12Z,25.5,8.6,19.3,78.1,143,238,166,3809
2026-07-11T00:26:12Z,25.5,8.6,19.6,78.0,143,238,166,3809
2026-07-11T00:31:12Z,25.5,8.6,19.8,72.2,143,238,166,3809
2026-07-11T00:36:13Z,25.5,8.6,19.8,68.9,143,238,166,3809
2026-07-11T00:41:17Z,25.5,8.6,20.2,72.5,143,238,166,3809
2026-07-11T00:46:16Z,25.5,8.6,20.6,72.8,143,238,166,3809
2026-07-11T00:51:17Z,25.5,8.6,21.1,70.2,143,238,166,3809
2026-07-11T00:56:17Z,25.5,8.6,21.3,65.0,143,238,166,3809
2026-07-11T01:01:17Z,25.5,8.6,21.7,67.2,143,238,166,3809
2026-07-11T01:06:17Z,25.5,8.6,22.1,66.8,143,238,166,3809
2026-07-11T01:11:18Z,25.5,8.6,22.5,63.4,143,238,166,3809
2026-07-11T01:16:20Z,25.5,8.6,22.7,60.7,143,238,166,3809
2026-07-11T01:21:18Z,25.5,8.6,23.0,61.9,143,238,166,3809
2026-07-11T01:26:18Z,25.5,8.6,23.3,58.9,143,238,166,3809
2026-07-11T01:31:20Z,25.5,8.6,23.8,59.3,143,238,166,3809
2026-07-11T01:36:21Z,25.5,8.6,24.1,58.7,143,238,166,3809
2026-07-11T01:41:22Z,25.5,8.6,24.7,56.6,143,238,166,3809
2026-07-11T01:46:23Z,25.5,8.6,25.1,56.4,143,238,166,3809
2026-07-11T01:51:25Z,25.5,8.6,25.5,53.1,143,238,166,3809
2026-07-11T01:56:25Z,25.5,8.6,25.5,53.0,143,238,166,3809
2026-07-11T02:01:27Z,25.5,8.6,25.6,53.8,143,238,166,3809
2026-07-11T02:06:28Z,25.5,8.6,26.1,50.9,143,238,166,3809
2026-07-11T02:11:28Z,25.5,8.6,26.6,55.4,143,238,166,3809
2026-07-11T02:16:30Z,25.5,8.6,26.8,53.0,143,238,166,3809
2026-07-11T02:21:32Z,25.5,8.6,27.3,49.6,143,238,166,3809
2026-07-11T02:26:32Z,25.5,8.6,26.9,50.2,143,238,166,3809
2026-07-11T02:31:32Z,25.5,8.6,27.4,52.0,143,238,166,3809
2026-07-11T02:36:33Z,25.5,8.6,28.1,52.6,143,238,166,3809
2026-07-11T02:41:34Z,25.5,8.6,28.5,51.1,143,238,166,3809
2026-07-11T02:46:36Z,25.5,8.6,28.2,45.5,143,238,166,3809
2026-07-11T02:51:36Z,25.5,8.6,28.5,48.1,143,238,166,3809
2026-07-11T02:56:38Z,25.5,8.6,29.1,50.1,143,238,166,3809
2026-07-11T03:01:40Z,25.5,8.6,28.8,48.2,143,238,166,3809
2026-07-11T03:06:41Z,25.5,8.6,29.5,49.8,143,238,166,3809
2026-07-11T03:11:41Z,25.5,8.6,30.2,50.1,143,238,166,3809
2026-07-11T03:16:44Z,25.5,8.6,29.7,44.8,143,238,166,3809
2026-07-11T03:21:54Z,25.5,8.6,29.2,48.5,143,238,166,3809
2026-07-11T03:27:03Z,25.5,8.6,28.7,48.8,143,238,166,3809
2026-07-11T03:32:13Z,25.5,8.6,28.8,50.3,143,238,166,3809
2026-07-11T03:37:22Z,25.5,8.6,29.6,47.4,143,238,166,3809
2026-07-11T03:42:32Z,25.5,8.6,29.4,46.8,143,238,166,3809
2026-07-11T03:47:32Z,25.5,8.6,28.6,48.3,143,238,166,3809
2026-07-11T03:52:32Z,25.5,8.6,29.3,48.6,143,238,166,3809
2026-07-11T03:57:33Z,25.5,8.6,29.5,48.4,143,238,166,3809
2026-07-11T04:02:34Z,25.5,8.6,30.0,50.8,143,238,166,3809
2026-07-11T04:07:35Z,25.5,8.6,29.4,45.3,143,238,166,3809
2026-07-11T04:12:35Z,25.5,8.6,30.1,44.8,143,238,166,3809
2026-07-11T04:17:36Z,25.5,8.6,29.1,42.9,143,238,166,3809
2026-07-11T04:22:36Z,25.5,8.6,27.9,46.4,143,238,166,3809
2026-07-11T04:27:38Z,25.5,8.6,28.2,45.6,143,238,166,3809
2026-07-11T04:32:39Z,25.5,8.6,28.3,49.6,143,238,166,3809
2026-07-11T04:37:42Z,25.5,8.6,27.8,46.1,143,238,166,3809
2026-07-11T04:42:40Z,25.5,8.6,29.0,46.1,143,238,166,3809
2026-07-11T04:47:40Z,25.5,8.6,28.7,44.5,143,238,166,3809
2026-07-11T04:52:40Z,25.5,8.6,29.2,44.4,143,238,166,3809
2026-07-11T04:57:42Z,25.5,8.6,29.8,46.2,143,238,166,3809
2026-07-11T05:02:41Z,25.5,8.6,30.5,49.0,143,238,166,3809
2026-07-11T05:07:42Z,25.5,8.6,30.5,44.1,143,238,166,3809
2026-07-11T05:12:44Z,25.5,8.6,31.1,44.5,143,238,166,3809
2026-07-11T05:17:44Z,25.5,8.6,30.1,43.5,143,238,166,3809
2026-07-11T05:22:44Z,25.5,8.6,30.1,46.8,143,238,166,3809
2026-07-11T05:27:45Z,25.5,8.6,29.8,48.6,143,238,166,3809
2026-07-11T05:32:46Z,25.5,8.6,29.7,44.8,143,238,166,3809
2026-07-11T05:37:46Z,25.5,8.6,29.8,46.8,143,238,166,3809
2026-07-11T05:42:50Z,25.5,8.6,29.4,45.7,143,238,166,3809
2026-07-11T05:47:50Z,25.5,8.6,30.0,47.2,143,238,166,3809
2026-07-11T05:52:51Z,25.5,8.6,30.1,44.6,143,238,166,3809
2026-07-11T05:57:52Z,25.5,8.6,29.5,45.8,143,238,166,3809
2026-07-11T06:02:54Z,25.5,8.6,29.5,50.3,143,238,166,3809
2026-07-11T06:07:55Z,25.5,8.6,29.5,48.8,143,238,166,3809
2026-07-11T06:12:56Z,25.5,8.6,29.9,48.1,143,238,166,3809
2026-07-11T06:17:58Z,25.5,8.6,30.3,49.7,143,238,166,3809
2026-07-11T06:22:56Z,25.5,8.6,30.0,47.2,143,238,166,3809
2026-07-11T06:27:58Z,25.5,8.6,27.9,45.4,143,238,166,3809
2026-07-11T06:33:04Z,25.5,8.6,27.1,47.3,143,238,166,3809
2026-07-11T06:38:02Z,25.5,8.6,27.0,51.5,143,238,166,3809
2026-07-11T06:43:02Z,25.5,8.6,26.8,51.3,143,238,166,3809
2026-07-11T06:48:04Z,25.5,8.6,27.0,56.3,143,238,166,3809
2026-07-11T06:53:05Z,25.5,8.6,26.6,54.7,143,238,166,3809
2026-07-11T06:58:05Z,25.5,8.6,26.5,55.1,143,238,166,3809
2026-07-11T07:03:07Z,25.5,8.6,26.6,56.1,143,238,166,3809
2026-07-11T07:08:08Z,25.5,8.6,26.7,55.9,143,238,166,3809
2026-07-11T07:13:08Z,25.5,8.6,26.6,55.1,143,238,166,3809
2026-07-11T07:18:10Z,25.5,8.6,26.4,56.4,143,238,166,3809
2026-07-11T07:23:14Z,25.5,8.6,25.9,53.4,143,238,166,3809
2026-07-11T07:28:12Z,25.5,8.6,26.0,56.7,143,238,166,3809
2026-07-11T07:33:12Z,25.5,8.6,26.1,55.5,143,238,166,3809
2026-07-11T07:38:13Z,25.5,8.6,25.8,57.2,143,238,166,3809
2026-07-11T07:43:14Z,25.5,8.6,25.9,56.7,143,238,166,3809
2026-07-11T07:48:15Z,25.5,8.6,25.9,60.3,143,238,166,3809
2026-07-11T07:53:17Z,25.5,8.6,25.5,55.7,143,238,166,3809
2026-07-11T07:58:17Z,25.5,8.6,25.8,58.2,143,238,166,3809
2026-07-11T08:03:17Z,25.5,8.6,25.7,57.8,143,238,166,3809
2026-07-11T08:08:17Z,25.5,8.6,25.9,57.4,143,238,166,3809
2026-07-11T08:13:19Z,25.5,8.6,25.9,57.6,143,238,166,3809
2026-07-11T08:18:20Z,25.5,8.6,25.7,58.9,143,238,166,3809
2026-07-11T08:23:21Z,25.5,8.6,25.4,56.2,143,238,166,3809
2026-07-11T08:28:23Z,25.5,8.6,25.4,59.5,143,238,166,3809
2026-07-11T08:33:25Z,25.5,8.6,25.2,60.4,143,238,166,3809
2026-07-11T08:38:24Z,25.5,8.6,25.1,60.8,143,238,166,3809
2026-07-11T08:43:26Z,25.5,8.6,24.8,61.7,143,238,166,3809
2026-07-11T08:48:25Z,25.5,8.6,24.4,61.3,143,238,166,3809
2026-07-11T08:53:27Z,25.5,8.6,24.1,61.8,143,238,166,3809
2026-07-11T08:58:29Z,25.5,8.6,23.9,63.3,143,238,166,3809
2026-07-11T09:03:29Z,25.5,8.6,23.8,63.2,143,238,166,3809
2026-07-11T09:08:29Z,25.5,8.6,23.6,63.4,143,238,166,3809
2026-07-11T09:13:31Z,25.5,8.6,23.4,64.2,143,238,166,3809
2026-07-11T09:18:32Z,25.5,8.6,23.2,66.3,143,238,166,3809
2026-07-11T09:23:32Z,25.5,8.6,23.1,66.2,143,238,166,3809
2026-07-11T09:28:34Z,25.5,8.6,22.8,66.7,143,238,166,3809
2026-07-11T09:33:34Z,25.5,8.6,22.7,66.0,143,238,166,3809
2026-07-11T09:38:36Z,25.5,8.6,22.4,68.1,143,238,166,3809
2026-07-11T09:43:36Z,25.5,8.6,22.1,68.0,143,238,166,3809
2026-07-11T09:48:38Z,25.5,8.6,22.0,68.5,143,238,166,3809
2026-07-11T09:53:38Z,25.5,8.6,21.8,71.2,143,238,166,3809
2026-07-11T09:58:40Z,25.5,8.6,21.6,69.6,143,238,166,3809
2026-07-11T10:03:42Z,25.5,8.6,21.2,71.7,143,238,166,3809
2026-07-11T10:08:42Z,25.5,8.6,21.0,72.1,143,238,166,3809
2026-07-11T10:13:43Z,25.5,8.6,20.7,74.4,143,238,166,3809
2026-07-11T10:18:43Z,25.5,8.6,20.5,74.1,143,238,166,3809
2026-07-11T10:23:43Z,25.5,8.6,20.3,72.7,143,238,166,3809
2026-07-11T10:28:43Z,25.5,8.6,20.0,72.2,143,238,166,3809
2026-07-11T10:33:43Z,25.5,8.6,19.5,72.6,143,238,166,3809
2026-07-11T10:38:46Z,25.5,8.6,19.2,73.1,143,238,166,3809
2026-07-11T10:43:44Z,25.5,8.6,18.9,73.8,143,238,166,3809
2026-07-11T10:48:44Z,25.5,8.6,18.5,74.8,143,238,166,3809
2026-07-11T10:53:45Z,25.5,8.6,18.4,74.7,143,238,166,3809
2026-07-11T10:58:47Z,25.5,8.6,18.1,75.3,143,238,166,3809
2026-07-11T11:03:47Z,25.5,8.6,17.8,76.1,143,238,166,3809
2026-07-11T11:08:47Z,25.5,8.6,17.7,76.4,143,238,166,3809
2026-07-11T11:13:49Z,25.5,8.6,17.5,77.0,143,238,166,3809
2026-07-11T11:18:51Z,25.5,8.6,17.4,77.5,143,238,166,3809
2026-07-11T11:23:51Z,25.5,8.6,17.3,77.4,143,238,166,3809
2026-07-11T11:28:54Z,25.5,8.6,17.2,77.8,143,238,166,3809
2026-07-11T11:33:54Z,25.5,8.6,17.0,78.5,143,238,166,3809
2026-07-11T11:38:56Z,25.5,8.6,17.0,78.6,143,238,166,3809
2026-07-11T11:43:56Z,25.5,8.6,16.9,78.5,143,238,166,3809
2026-07-11T11:48:59Z,25.5,8.6,16.8,79.5,143,238,166,3809
2026-07-11T11:53:59Z,25.5,8.6,16.7,79.5,143,238,166,3809
2026-07-11T11:59:00Z,25.5,8.6,16.6,79.6,143,238,166,3809
2026-07-11T12:04:02Z,25.5,8.6,16.5,79.6,143,238,166,3809
2026-07-11T12:09:03Z,25.5,8.6,16.4,79.8,143,238,166,3809
2026-07-11T12:14:05Z,25.5,8.6,16.3,80.4,143,238,166,3809
2026-07-11T12:19:04Z,25.5,8.6,16.2,80.4,143,238,166,3809
2026-07-11T12:24:07Z,25.5,8.6,16.2,80.1,143,238,166,3809
2026-07-11T12:29:07Z,25.5,8.6,16.0,81.1,143,238,166,3809
2026-07-11T12:34:09Z,25.5,8.6,16.0,81.3,143,238,166,3809
2026-07-11T12:39:07Z,25.5,8.6,16.0,81.6,143,238,166,3809
2026-07-11T12:44:09Z,25.5,8.6,15.9,81.6,143,238,166,3809
2026-07-11T12:49:11Z,25.5,8.6,15.9,81.8,143,238,166,3809
2026-07-11T12:54:13Z,25.5,8.6,15.9,82.0,143,238,166,3809
2026-07-11T12:59:15Z,25.5,8.6,15.8,82.3,143,238,166,3809
2026-07-11T13:04:14Z,25.5,8.6,15.7,82.8,143,238,166,3809
2026-07-11T13:09:16Z,25.5,8.6,15.7,83.4,143,238,166,3809
2026-07-11T13:14:19Z,25.5,8.6,15.7,83.7,143,238,166,3809
2026-07-11T13:19:19Z,25.5,8.6,15.6,83.9,143,238,166,3809
2026-07-11T13:24:21Z,25.5,8.6,15.6,84.6,143,238,166,3809
2026-07-11T13:29:22Z,25.5,8.6,15.6,84.7,143,238,166,3809
2026-07-11T13:34:23Z,25.5,8.6,15.6,84.6,143,238,166,3809
2026-07-11T13:39:25Z,25.5,8.6,15.5,84.8,143,238,166,3809
2026-07-11T13:44:29Z,25.5,8.6,15.5,84.6,143,238,166,3809
2026-07-11T13:49:29Z,25.5,8.6,15.5,85.2,143,238,166,3809
2026-07-11T13:54:30Z,25.5,8.6,15.5,85.6,143,238,166,3809
2026-07-11T13:59:30Z,25.5,8.6,15.5,85.5,143,238,166,3809
2026-07-11T14:04:29Z,25.5,8.6,15.5,85.9,143,238,166,3809
2026-07-11T14:09:29Z,25.5,8.6,15.4,85.5,143,238,166,3809
2026-07-11T14:14:29Z,25.5,8.6,15.4,85.0,143,238,166,3809
2026-07-11T14:19:30Z,25.5,8.6,15.3,85.9,143,238,166,3809
2026-07-11T14:24:30Z,25.5,8.6,15.3,86.3,143,238,166,3809
2026-07-11T14:29:31Z,25.5,8.6,15.3,86.7,143,238,166,3809
2026-07-11T14:34:31Z,25.5,8.6,15.4,87.0,143,238,166,3809
2026-07-11T14:39:32Z,25.5,8.6,15.4,87.2,143,238,166,3809
2026-07-11T14:44:34Z,25.5,8.6,15.5,87.4,143,238,166,3809
2026-07-11T14:49:32Z,25.5,8.6,15.6,87.7,143,238,166,3809
2026-07-11T14:54:34Z,25.5,8.6,15.6,88.0,143,238,166,3809
2026-07-11T14:59:34Z,25.5,8.6,15.6,88.0,143,238,166,3809
2026-07-11T15:04:34Z,25.5,8.6,15.6,87.7,143,238,166,3809
2026-07-11T15:09:34Z,25.5,8.6,15.6,88.2,143,238,166,3809
2026-07-11T15:14:35Z,25.5,8.6,15.7,88.2,143,238,166,3809
2026-07-11T15:19:35Z,25.5,8.6,15.7,88.1,143,238,166,3809
2026-07-11T15:24:37Z,25.5,8.6,15.7,88.6,143,238,166,3809
2026-07-11T15:29:35Z,25.5,8.6,15.7,88.3,143,238,166,3809
2026-07-11T15:34:38Z,25.5,8.6,15.7,88.2,143,238,166,3809
2026-07-11T15:39:39Z,25.5,8.6,15.7,88.0,143,238,166,3809
2026-07-11T15:44:40Z,25.5,8.6,15.7,87.7,143,238,166,3809
2026-07-11T15:49:40Z,25.5,8.6,15.7,87.8,143,238,166,3809
2026-07-11T15:54:41Z,25.5,8.6,15.7,87.2,143,238,166,3809
2026-07-11T15:59:43Z,25.5,8.6,15.7,86.8,143,238,166,3809
2026-07-11T16:04:41Z,25.5,8.6,15.7,86.9,143,238,166,3809
2026-07-11T16:09:41Z,25.5,8.6,15.7,86.7,143,238,166,3809
2026-07-11T16:14:41Z,25.5,8.6,15.8,86.7,143,238,166,3809
2026-07-11T16:19:43Z,25.5,8.6,15.8,87.1,143,238,166,3809
2026-07-11T16:24:45Z,25.5,8.6,15.9,87.2,143,238,166,3809
2026-07-11T16:29:46Z,25.5,8.6,16.0,87.3,143,238,166,3809
2026-07-11T16:34:47Z,25.5,8.6,16.0,86.9,143,238,166,3809
2026-07-11T16:39:48Z,25.5,8.6,16.1,86.1,143,238,166,3809
2026-07-11T16:44:50Z,25.5,8.6,16.1,86.1,143,238,166,3809
2026-07-11T16:49:51Z,25.5,8.6,16.2,85.7,143,238,166,3809
2026-07-11T16:54:51Z,25.5,8.6,16.2,85.4,143,238,166,3809
2026-07-11T16:59:52Z,25.5,8.6,16.2,84.7,143,238,166,3809
2026-07-11T17:04:53Z,25.5,8.6,16.2,84.1,143,238,166,3809
2026-07-11T17:09:54Z,25.5,8.6,16.2,84.1,143,238,166,3809
2026-07-11T17:14:54Z,25.5,8.6,16.2,84.1,143,238,166,3809
2026-07-11T17:19:54Z,25.5,8.6,16.2,83.9,143,238,166,3809
2026-07-11T17:24:54Z,25.5,8.6,16.1,83.8,143,238,166,3809
2026-07-11T17:29:54Z,25.5,8.6,16.1,83.6,143,238,166,3809
2026-07-11T17:34:55Z,25.5,8.6,16.1,83.3,143,238,166,3809
2026-07-11T17:39:57Z,25.5,8.6,16.1,83.5,143,238,166,3809
2026-07-11T17:44:55Z,25.5,8.6,16.0,83.4,143,238,166,3809
2026-07-11T17:49:55Z,25.5,8.6,16.0,83.3,143,238,166,3809
2026-07-11T17:54:55Z,25.5,8.6,15.9,83.3,143,238,166,3809
2026-07-11T17:59:57Z,25.5,8.6,15.8,83.1,143,238,166,3809
2026-07-11T18:04:57Z,25.5,8.6,15.7,83.5,143,238,166,3809
2026-07-11T18:09:59Z,25.5,8.6,15.7,83.8,143,238,166,3809
2026-07-11T18:15:00Z,25.5,8.6,15.6,83.6,143,238,166,3809
2026-07-11T18:20:02Z,25.5,8.6,15.6,83.7,143,238,166,3809
2026-07-11T18:25:03Z,25.5,8.6,15.5,84.3,143,238,166,3809
2026-07-11T18:30:04Z,25.5,8.6,15.5,84.9,143,238,166,3809
2026-07-11T18:35:06Z,25.5,8.6,15.4,85.7,143,238,166,3809
2026-07-11T18:40:06Z,25.5,8.6,15.4,85.7,143,238,166,3809
2026-07-11T18:45:06Z,25.5,8.6,15.4,85.9,143,238,166,3809
2026-07-11T18:50:06Z,25.5,8.6,15.3,85.9,143,238,166,3809
2026-07-11T18:55:07Z,25.5,8.6,15.3,85.8,143,238,166,3809
2026-07-11T19:00:07Z,25.5,8.6,15.2,86.3,143,238,166,3809
2026-07-11T19:05:08Z,25.5,8.6,15.2,86.3,143,238,166,3809
2026-07-11T19:10:08Z,25.5,8.6,15.1,86.6,143,238,166,3809
2026-07-11T19:15:09Z,25.5,8.6,15.1,87.0,143,238,166,3809
2026-07-11T19:20:11Z,25.5,8.6,15.1,87.2,143,238,166,3809
2026-07-11T19:25:12Z,25.5,8.6,15.0,86.7,143,238,166,3809
2026-07-11T19:30:14Z,25.5,8.6,14.9,86.5,143,238,166,3809
2026-07-11T19:35:12Z,25.5,8.6,14.9,86.6,143,238,166,3809
2026-07-11T19:40:12Z,25.5,8.6,14.9,86.6,143,238,166,3809
2026-07-11T19:45:15Z,25.5,8.6,14.9,86.8,143,238,166,3809
2026-07-11T19:50:15Z,25.5,8.6,14.8,86.9,143,238,166,3809
2026-07-11T19:55:15Z,25.5,8.6,14.9,86.7,143,238,166,3809
2026-07-11T20:00:16Z,25.5,8.6,14.8,86.8,143,238,166,3809
2026-07-11T20:05:18Z,25.5,8.6,14.8,86.5,143,238,166,3809
2026-07-11T20:10:17Z,25.5,8.6,14.8,86.6,143,238,166,3809
2026-07-11T20:15:18Z,25.5,8.6,14.7,86.7,143,238,166,3809
2026-07-11T20:20:19Z,25.5,8.6,14.7,87.0,143,238,166,3809
2026-07-11T20:25:19Z,25.5,8.6,14.6,86.9,143,238,166,3809
2026-07-11T20:30:20Z,25.5,8.6,14.6,86.8,143,238,166,3809
2026-07-11T20:35:22Z,25.5,8.6,14.6,86.3,143,238,166,3809
2026-07-11T20:40:23Z,25.5,8.6,14.5,86.1,143,238,166,3809
2026-07-11T20:45:23Z,25.5,8.6,14.4,86.8,143,238,166,3809
2026-07-11T20:50:25Z,25.5,8.6,14.4,86.9,143,238,166,3809
2026-07-11T20:55:25Z,25.5,8.6,14.3,86.3,143,238,166,3809
2026-07-11T21:00:25Z,25.5,8.6,14.3,86.0,143,238,166,3809
2026-07-11T21:05:25Z,25.5,8.6,14.3,85.8,143,238,166,3809
2026-07-11T21:10:25Z,25.5,8.6,14.2,85.5,143,238,166,3809
2026-07-11T21:15:26Z,25.5,8.6,14.3,85.3,143,238,166,3809
2026-07-11T21:20:26Z,25.5,8.6,14.2,85.2,143,238,166,3809
2026-07-11T21:25:27Z,25.5,8.6,14.1,85.6,143,238,166,3809
2026-07-11T21:30:28Z,25.5,8.6,14.1,85.7,143,238,166,3809
2026-07-11T21:35:28Z,25.5,8.6,14.1,86.1,143,238,166,3809
2026-07-11T21:40:28Z,25.5,8.6,14.0,86.2,143,238,166,3809
2026-07-11T21:45:28Z,25.5,8.6,14.0,86.5,143,238,166,3809
2026-07-11T21:50:29Z,25.5,8.6,13.9,86.4,143,238,166,3809
2026-07-11T21:55:30Z,25.5,8.6,13.9,86.3,143,238,166,3809
2026-07-11T22:00:32Z,25.5,8.6,13.8,86.3,143,238,166,3809
2026-07-11T22:05:33Z,25.5,8.6,13.8,86.2,143,238,166,3809
2026-07-11T22:10:35Z,25.5,8.6,13.8,86.3,143,238,166,3809
2026-07-11T22:15:35Z,25.5,8.6,13.8,86.5,143,238,166,3809
2026-07-11T22:20:37Z,25.5,8.6,13.7,86.8,143,238,166,3809
2026-07-11T22:25:37Z,25.5,8.6,13.7,86.7,143,238,166,3809
2026-07-11T22:30:38Z,25.5,8.6,13.7,86.5,143,238,166,3809
2026-07-11T22:35:38Z,25.5,8.6,13.6,86.6,143,238,166,3809
2026-07-11T22:40:38Z,25.5,8.6,13.6,86.6,143,238,166,3809
2026-07-11T22:45:39Z,25.5,8.6,13.6,86.9,143,238,166,3809
2026-07-11T22:50:39Z,25.5,8.6,13.6,87.0,143,238,166,3809
2026-07-11T22:55:41Z,25.5,8.6,13.6,86.7,143,238,166,3809
2026-07-11T23:00:41Z,25.5,8.6,13.6,86.5,143,238,166,3809
2026-07-11T23:05:43Z,25.5,8.6,13.6,86.7,143,238,166,3809
2026-07-11T23:10:44Z,25.5,8.6,13.7,87.2,143,238,166,3809
2026-07-11T23:15:44Z,25.5,8.6,13.8,87.8,143,238,166,3809
2026-07-11T23:20:45Z,25.5,8.6,14.1,88.3,143,238,166,3809
2026-07-11T23:25:47Z,25.5,8.6,14.4,88.3,143,238,166,3809
2026-07-11T23:30:47Z,25.5,8.6,14.8,88.1,143,238,166,3809
2026-07-11T23:35:48Z,25.5,8.6,15.2,89.1,143,238,166,3809
2026-07-11T23:40:48Z,25.5,8.6,15.6,89.0,143,238,166,3809
2026-07-11T23:45:49Z,25.5,8.6,16.0,88.2,143,238,166,3809
2026-07-11T23:50:50Z,25.5,8.6,16.5,88.2,143,238,166,3809
2026-07-11T23:55:52Z,25.5,8.6,17.1,88.6,143,238,166,3809
2026-07-12T00:00:52Z,25.5,8.6,17.8,85.5,143,238,166,3809
2026-07-12T00:05:54Z,25.5,8.6,18.4,81.5,143,238,166,3809
2026-07-12T00:10:54Z,25.5,8.6,18.9,80.6,143,238,166,3809
2026-07-12T00:15:55Z,25.5,8.6,19.3,80.2,143,238,166,3809
2026-07-12T00:20:56Z,25.5,8.6,19.9,76.1,143,238,166,3809
2026-07-12T00:25:58Z,25.5,8.6,20.3,73.2,143,238,166,3809
2026-07-12T00:30:58Z,25.5,8.6,20.8,72.4,143,238,166,3809
2026-07-12T00:35:58Z,25.5,8.6,21.2,72.9,143,238,166,3809
2026-07-12T00:40:59Z,25.5,8.6,21.5,71.7,143,238,166,3809
2026-07-12T00:45:59Z,25.5,8.6,21.9,70.1,143,238,166,3809
2026-07-12T00:50:59Z,25.5,8.6,22.3,67.4,143,238,166,3809
2026-07-12T00:56:00Z,25.5,8.6,22.7,67.5,143,238,166,3809
2026-07-12T01:01:01Z,25.5,8.6,23.2,64.8,143,238,166,3809
2026-07-12T01:06:02Z,25.5,8.6,23.4,62.6,143,238,166,3809
2026-07-12T01:11:02Z,25.5,8.6,23.7,63.7,143,238,166,3809
2026-07-12T01:16:03Z,25.5,8.6,24.3,62.9,143,238,166,3809
2026-07-12T01:21:04Z,25.5,8.6,24.5,61.4,143,238,166,3809
2026-07-12T01:26:05Z,25.5,8.6,24.9,60.7,143,238,166,3809
2026-07-12T01:31:06Z,25.5,8.6,25.1,60.4,143,238,166,3809
2026-07-12T01:36:06Z,25.5,8.6,25.6,62.7,143,238,166,3809
2026-07-12T01:41:06Z,25.5,8.6,25.5,57.0,143,238,166,3809
2026-07-12T01:46:07Z,25.5,8.6,25.9,55.9,143,238,166,3809
2026-07-12T01:51:08Z,25.5,8.6,26.1,56.2,143,238,166,3809
2026-07-12T01:56:09Z,25.5,8.6,26.5,56.1,143,238,166,3809
2026-07-12T02:01:10Z,25.5,8.6,27.2,54.3,143,238,166,3809
2026-07-12T02:06:11Z,25.5,8.6,27.3,54.4,143,238,166,3809
2026-07-12T02:11:12Z,25.5,8.6,27.6,54.6,143,238,166,3809
2026-07-12T02:16:14Z,25.5,8.6,27.8,53.5,143,238,166,3809
2026-07-12T02:21:14Z,25.5,8.6,28.4,52.0,143,238,166,3809
2026-07-12T02:26:14Z,25.5,8.6,28.3,51.9,143,238,166,3809
2026-07-12T02:31:14Z,25.5,8.6,28.4,52.2,143,238,166,3809
2026-07-12T02:36:15Z,25.5,8.6,28.5,51.8,143,238,166,3809
2026-07-12T02:41:15Z,25.5,8.6,28.9,50.6,143,238,166,3809
2026-07-12T02:46:17Z,25.5,8.6,29.2,51.0,143,238,166,3809
2026-07-12T02:51:19Z,25.5,8.6,29.4,49.1,143,238,166,3809
2026-07-12T02:56:21Z,25.5,8.6,29.9,50.7,143,238,166,3809
2026-07-12T03:01:22Z,25.5,8.6,30.0,51.0,143,238,166,3809
2026-07-12T03:06:23Z,25.5,8.6,30.3,47.0,143,238,166,3809
2026-07-12T03:11:23Z,25.5,8.6,30.5,48.8,143,238,166,3809
2026-07-12T03:16:25Z,25.5,8.6,30.6,44.6,143,238,166,3809
2026-07-12T03:21:27Z,25.5,8.6,30.7,49.2,143,238,166,3809
2026-07-12T03:26:28Z,25.5,8.6,30.8,46.6,143,238,166,3809
2026-07-12T03:31:29Z,25.5,8.6,31.1,49.1,143,238,166,3809
2026-07-12T03:36:30Z,25.5,8.6,31.5,47.8,143,238,166,3809
2026-07-12T03:41:30Z,25.5,8.6,31.6,47.8,143,238,166,3809
2026-07-12T03:46:32Z,25.5,8.6,31.8,47.6,143,238,166,3809
2026-07-12T03:51:32Z,25.5,8.6,31.5,48.6,143,238,166,3809
2026-07-12T03:56:32Z,25.5,8.6,32.1,46.6,143,238,166,3809
2026-07-12T04:01:41Z,25.5,8.6,32.1,44.3,143,238,166,3809
2026-07-12T04:06:39Z,25.5,8.6,32.7,47.3,143,238,166,3809
2026-07-12T04:11:40Z,25.5,8.6,32.6,44.8,143,238,166,3809
2026-07-12T04:16:40Z,25.5,8.6,32.3,45.2,143,238,166,3809
2026-07-12T04:21:42Z,25.5,8.6,31.7,40.1,143,238,166,3809
2026-07-12T04:26:44Z,25.5,8.6,32.4,47.5,143,238,166,3809
2026-07-12T04:31:46Z,25.5,8.6,31.8,43.2,143,238,166,3809
2026-07-12T04:36:46Z,25.5,8.6,31.3,42.6,143,238,166,3809
2026-07-12T04:41:48Z,25.5,8.6,31.0,45.0,143,238,166,3809
2026-07-12T04:46:46Z,25.5,8.6,31.4,50.2,143,238,166,3809
2026-07-12T04:51:47Z,25.5,8.6,31.1,45.9,143,238,166,3809
2026-07-12T04:56:48Z,25.5,8.6,31.4,49.5,143,238,166,3809
2026-07-12T05:01:48Z,25.5,8.6,31.8,45.8,143,238,166,3809
2026-07-12T05:06:50Z,25.5,8.6,32.1,46.8,143,238,166,3809
2026-07-12T05:11:49Z,25.5,8.6,31.0,42.3,143,238,166,3809
2026-07-12T05:16:51Z,25.5,8.6,31.4,45.5,143,238,166,3809
2026-07-12T05:21:52Z,25.5,8.6,31.4,46.9,143,238,166,3809
2026-07-12T05:26:53Z,25.5,8.6,31.7,47.2,143,238,166,3809
2026-07-12T05:31:54Z,25.5,8.6,31.7,46.3,143,238,166,3809
2026-07-12T05:36:54Z,25.5,8.6,31.2,42.0,143,238,166,3809
2026-07-12T05:41:56Z,25.5,8.6,31.1,47.4,143,238,166,3809
2026-07-12T05:46:57Z,25.5,8.6,31.4,46.3,143,238,166,3809
2026-07-12T05:51:57Z,25.5,8.6,32.2,47.8,143,238,166,3809
2026-07-12T05:56:59Z,25.5,8.6,31.2,43.1,143,238,166,3809
2026-07-12T06:01:59Z,25.5,8.6,31.4,42.1,143,238,166,3809
2026-07-12T06:07:00Z,25.5,8.6,31.7,44.7,143,238,166,3809
2026-07-12T06:12:02Z,25.5,8.6,31.0,43.1,143,238,166,3809
2026-07-12T06:17:02Z,25.5,8.6,30.8,45.4,143,238,166,3809
2026-07-12T06:22:02Z,25.5,8.6,30.4,49.1,143,238,166,3809
2026-07-12T06:27:04Z,25.5,8.6,30.9,51.3,143,238,166,3809
2026-07-12T06:32:07Z,25.5,8.6,31.1,45.9,143,238,166,3809
2026-07-12T06:37:06Z,25.5,8.6,30.7,46.5,143,238,166,3809
2026-07-12T06:42:07Z,25.5,8.6,30.7,51.6,143,238,166,3809
2026-07-12T06:47:07Z,25.5,8.6,30.7,47.3,143,238,166,3809
2026-07-12T06:52:09Z,25.5,8.6,31.1,48.8,143,238,166,3809
2026-07-12T06:57:10Z,25.5,8.6,31.2,46.7,143,238,166,3809
2026-07-12T07:02:12Z,25.5,8.6,30.4,48.6,143,238,166,3809
2026-07-12T07:07:14Z,25.5,8.6,30.1,44.9,143,238,166,3809
2026-07-12T07:12:14Z,25.5,8.6,30.0,46.9,143,238,166,3809
2026-07-12T07:17:17Z,25.5,8.6,30.2,48.4,143,238,166,3809
2026-07-12T07:22:15Z,25.5,8.6,29.8,49.5,143,238,166,3809
2026-07-12T07:27:16Z,25.5,8.6,29.7,48.1,143,238,166,3809
2026-07-12T07:32:17Z,25.5,8.6,29.5,51.7,143,238,166,3809
2026-07-12T07:37:18Z,25.5,8.6,29.2,50.2,143,238,166,3809
2026-07-12T07:42:18Z,25.5,8.6,28.5,48.5,143,238,166,3809
2026-07-12T07:47:18Z,25.5,8.6,28.4,52.0,143,238,166,3809
2026-07-12T07:52:19Z,25.5,8.6,28.1,50.4,143,238,166,3809
2026-07-12T07:57:22Z,25.5,8.6,27.5,52.9,143,238,166,3809
2026-07-12T08:02:21Z,25.5,8.6,27.5,52.2,143,238,166,3809
2026-07-12T08:07:23Z,25.5,8.6,27.3,56.0,143,238,166,3809
2026-07-12T08:12:23Z,25.5,8.6,27.0,52.1,143,238,166,3809
2026-07-12T08:17:23Z,25.5,8.6,27.2,53.4,143,238,166,3809
2026-07-12T08:22:23Z,25.5,8.6,26.9,55.5,143,238,166,3809
2026-07-12T14:28:10Z,0.0,0.0,25.8,72.7,0,0,0,0
2026-07-12T14:33:11Z,0.0,0.0,26.0,73.6,0,0,0,0
2026-07-12T14:38:13Z,0.0,0.0,26.1,71.7,0,0,0,0
2026-07-12T14:43:13Z,0.0,0.0,26.1,71.9,0,0,0,0
2026-07-12T14:48:15Z,0.0,0.0,26.2,70.9,0,0,0,0
2026-07-12T14:53:16Z,0.0,0.0,26.2,70.6,0,0,0,0
2026-07-12T14:58:18Z,0.0,0.0,26.2,70.5,0,0,0,0
2026-07-12T15:03:19Z,0.0,0.0,26.2,70.4,0,0,0,0
