nitrogen,fosfor,kalium,plant_age,fase,soil_moisture,recommendation
107,38,53,1,0,22.93,6
107,38,53,1,0,22.93,6
107,38,53,3,0,67.77,6
107,38,53,3,0,67.6,6
107,38,53,3,0,67.6,6
107,38,53,3,0,67.77,6
107,38,53,3,0,67.77,6
107,38,53,3,0,67.77,6
107,38,53,3,0,67.77,6
107,38,53,3,0,67.77,6
107,38,53,3,0,67.6,6
107,38,53,3,0,67.77,6
107,38,53,3,0,67.77,6
107,38,53,3,0,67.77,6
107,38,53,3,0,67.77,6
107,38,53,3,0,67.77,6
107,38,53,3,0,67.77,6
107,38,53,3,0,67.77,6
107,38,53,3,0,67.77,6
107,38,53,3,0,67.77,6
107,38,53,3,0,67.77,6
107,38,53,3,0,67.77,6
118,42,57,3,0,67.77,6
118,42,57,3,0,67.77,6
118,42,57,3,0,67.77,6
118,42,57,3,0,67.77,6
118,42,57,3,0,67.94,6
118,42,57,3,0,67.94,6
118,42,57,3,0,67.94,6
105,37,53,3,0,67.94,6
105,37,53,3,0,67.77,6
105,37,53,3,0,67.77,6
105,37,53,3,0,67.94,6
105,37,53,3,0,67.94,6
105,37,53,3,0,67.94,6
105,37,53,3,0,67.94,6
105,37,53,3,0,67.94,6
105,37,53,3,0,67.77,6
105,37,53,3,0,67.77,6
105,37,53,3,0,67.94,6
105,37,53,3,0,67.94,6
105,37,53,3,0,67.94,6
117,42,58,3,0,67.94,6
117,42,58,3,0,67.94,6
117,42,58,3,0,67.94,6
117,42,58,3,0,67.94,6
117,42,58,3,0,67.94,6
117,42,58,5,0,19.48,6
117,42,58,5,0,19.48,6
106,38,53,5,0,67.42,6
106,38,53,5,0,71.73,6
106,38,53,5,0,67.25,6
106,38,53,5,0,69.49,6
106,38,53,5,0,72.25,6
106,38,54,5,0,75.01,6
107,37,50,5,0,81.39,6
107,37,50,5,0,81.91,6
107,37,50,5,0,66.56,6
107,37,50,5,0,28.97,6
44,15,22,6,0,84.67,6
44,15,22,6,0,84.15,6
44,15,22,6,0,83.81,6
44,15,22,6,0,85.53,6
44,15,22,6,0,85.53,6
44,15,22,6,0,85.53,6
44,15,22,6,0,19.48,6
107,37,50,6,0,19.48,6
107,37,50,6,0,83.63,6
107,37,50,6,0,83.63,6
107,37,50,6,0,83.81,6
107,37,50,6,0,83.63,6
107,37,50,6,0,83.98,6
107,37,50,6,0,83.63,6
107,37,50,6,0,83.81,6
107,37,50,6,0,83.98,6
107,37,50,6,0,83.98,6
107,37,50,6,0,83.63,6
107,37,50,6,0,83.98,6
107,37,50,6,0,74.49,6
107,37,50,6,0,75.01,6
107,37,50,6,0,75.01,6
107,37,50,6,0,74.67,6
107,37,50,6,0,74.49,6
107,37,50,6,0,75.01,6
107,37,50,6,0,75.01,6
107,37,50,6,0,74.84,6
117,42,58,6,0,74.49,6
117,42,58,6,0,75.01,6
117,42,58,6,0,75.01,6
117,42,58,6,0,75.01,6
117,42,58,6,0,74.49,6
117,42,58,6,0,75.01,6
117,42,58,6,0,75.01,6
117,42,58,6,0,74.84,6
117,42,58,6,0,75.01,6
117,42,58,6,0,75.01,6
117,42,58,6,0,75.01,6
117,42,58,6,0,74.49,6
117,42,58,6,0,74.84,6
117,42,58,6,0,75.01,6
117,42,58,6,0,75.01,6
117,42,58,6,0,74.49,6
117,42,58,6,0,75.01,6
117,42,58,6,0,75.18,6
117,42,58,6,0,75.01,6
117,42,58,6,0,74.49,6
117,42,58,6,0,74.84,6
117,42,58,6,0,75.18,6
117,42,58,6,0,75.01,6
117,42,58,6,0,74.49,6
117,42,58,6,0,75.01,6
117,42,58,6,0,19.14,6
117,42,58,6,0,19.14,6
117,42,58,6,0,75.18,6
117,42,58,6,0,75.01,6
117,42,58,6,0,74.49,6
117,42,58,6,0,75.18,6
117,42,58,6,0,75.18,6
117,42,58,6,0,75.01,6
117,42,58,6,0,74.49,6
117,42,58,6,0,74.84,6
117,42,58,6,0,75.18,6
117,42,58,6,0,75.18,6
117,42,58,6,0,74.49,6
117,42,58,6,0,74.84,6
117,42,58,6,0,75.18,6
117,42,58,7,0,19.48,6
117,42,58,7,0,19.48,6
117,42,58,7,0,74.49,6
117,42,58,7,0,74.49,6
117,42,58,7,0,74.49,6
44,15,22,9,0,81.39,6
44,15,22,9,0,81.39,6
44,15,22,9,0,81.05,6
44,15,22,9,0,81.39,6
44,15,22,9,0,81.05,6
44,15,22,9,0,81.56,6
44,15,22,9,0,81.56,6
44,15,22,9,0,81.22,6
44,15,22,9,0,81.22,6
44,15,22,9,0,81.56,6
117,42,58,9,0,80.7,6
117,42,58,9,0,81.05,6
117,42,58,9,0,81.05,6
117,42,58,9,0,80.53,6
117,42,58,9,0,81.05,6
117,42,58,9,0,80.87,6
117,42,58,9,0,80.18,6
117,42,58,9,0,81.22,6
117,42,58,9,0,79.84,6
117,42,58,9,0,80.53,6
117,42,58,9,0,81.05,6
117,42,58,9,0,79.67,6
117,42,58,9,0,80.87,6
117,42,58,9,0,80.87,6
117,42,58,9,0,80.87,6
117,42,58,9,0,79.84,6
117,42,58,9,0,80.87,6
117,42,58,9,0,80.87,6
117,42,58,9,0,79.84,6
117,42,58,9,0,80.7,6
117,42,58,9,0,80.7,6
117,42,58,9,0,80.18,6
117,42,58,9,0,80.36,6
117,42,58,9,0,80.7,6
117,42,58,9,0,81.22,6
117,42,58,9,0,80.7,6
117,42,58,17,0,83.98,6
117,42,58,17,0,34.14,6
117,42,58,17,0,34.14,6
117,42,58,17,0,83.63,6
117,42,58,17,0,84.15,6
117,42,58,17,0,83.81,6
117,42,58,17,0,83.98,6
117,42,58,17,0,85.7,6
117,42,58,17,0,83.98,6
117,42,58,17,0,87.08,6
117,42,58,17,0,86.91,6
117,42,58,17,0,86.91,6
117,42,58,17,0,86.91,6
117,42,58,17,0,86.91,6
117,42,58,17,0,86.91,6
117,42,58,17,0,86.91,6
106,39,55,17,0,86.91,6
106,39,55,17,0,86.91,6
106,39,55,17,0,86.91,6
106,39,55,17,0,86.91,6
106,39,55,17,0,86.91,6
106,39,55,17,0,86.91,6
106,39,55,17,0,86.91,6
106,39,55,17,0,86.91,6
106,39,55,17,0,86.91,6
106,39,55,17,0,86.91,6
106,39,55,17,0,86.91,6
106,39,55,17,0,86.91,6
106,39,55,17,0,86.91,6
106,39,55,17,0,86.91,6
106,39,55,17,0,86.91,6
106,39,55,17,0,86.91,6
106,39,55,17,0,86.91,6
106,39,55,17,0,86.91,6
106,39,55,17,0,86.91,6
106,39,55,17,0,86.91,6
106,39,55,17,0,86.91,6
106,39,55,17,0,86.91,6
106,39,55,17,0,86.91,6
106,39,55,17,0,86.91,6
106,39,55,17,0,86.91,6
106,39,55,17,0,86.91,6
106,39,55,17,0,86.91,6
106,39,55,17,0,86.91,6
106,39,55,17,0,86.91,6
106,39,55,17,0,86.91,6
106,39,55,17,0,86.91,6
106,39,55,17,0,86.91,6
106,39,55,17,0,86.91,6
106,39,55,17,0,86.91,6
106,39,55,17,0,86.91,6
106,39,55,17,0,86.91,6
106,39,55,17,0,86.91,6
106,39,55,17,0,86.91,6
106,39,55,17,0,86.91,6
106,39,55,17,0,86.91,6
106,39,55,17,0,86.91,6
106,39,55,17,0,86.91,6
106,39,55,17,0,86.91,6
106,39,55,22,0,86.91,6
106,39,55,22,0,86.91,6
106,39,55,22,0,86.91,6
106,39,55,22,0,86.91,6
106,39,55,22,0,86.91,6
106,39,55,22,0,86.91,6
106,39,55,22,0,86.91,6
118,39,55,25,0,86.91,6
118,39,55,25,0,80.36,6
118,39,55,25,0,80.18,6
118,39,55,25,0,80.7,6
118,39,55,25,0,80.7,6
118,39,55,25,0,80.7,6
118,39,55,25,0,80.7,6
118,39,55,25,0,80.7,6
118,39,55,25,0,80.7,6
118,39,55,25,0,33.97,6
118,39,55,25,0,33.97,6
118,39,55,25,0,83.81,6
118,39,55,25,0,24.49,6
118,39,55,25,0,24.49,6
118,39,55,25,0,83.81,6
118,39,55,32,1,83.98,6
118,39,55,32,1,85.7,6
118,39,55,32,1,83.98,6
118,39,55,32,1,87.08,6
118,39,55,32,1,86.91,6
118,39,55,32,1,86.91,6
118,39,55,32,1,86.91,6
118,39,55,32,1,86.91,6
118,39,55,32,1,86.91,6
118,39,55,32,1,86.91,6
104,61,125,35,1,60.24,2
100,90,67,35,1,18.35,0
117,98,53,35,1,14.8,3
86,62,92,35,1,54.85,0
104,49,112,35,1,62.45,2
65,104,133,35,1,90.0,1
105,45,102,35,1,20.79,2
80,88,61,35,1,32.7,0
109,41,98,35,1,56.09,2
66,101,91,35,1,49.54,0
111,47,41,35,1,10.39,6
65,97,81,35,1,12.23,0
73,69,114,35,1,82.1,0
63,105,110,35,1,15.1,1
92,76,107,35,1,49.03,0
113,56,55,35,1,89.4,3
88,84,106,35,1,68.86,0
109,42,92,35,1,31.31,2
84,40,129,40,1,10.66,2
115,59,104,40,1,89.18,2
119,63,82,40,1,39.04,0
105,58,91,40,1,32.19,2
87,44,44,40,1,72.39,6
97,43,83,40,1,24.34,2
118,44,72,40,1,89.68,2
62,46,56,40,1,76.04,6
105,41,54,40,1,90.0,6
93,100,129,40,1,49.73,0
101,72,126,40,1,73.67,0
79,85,60,40,1,90.0,0
76,109,97,40,1,11.91,0
73,53,67,40,1,80.14,0
76,66,43,40,1,43.27,3
93,66,94,40,1,72.86,0
115,62,93,40,1,40.26,2
111,92,57,40,1,34.57,3
105,62,121,40,1,27.44,2
114,56,94,40,1,70.44,2
115,64,45,45,1,90.0,3
66,52,51,45,1,14.27,3
88,83,135,45,1,10.0,0
60,79,103,45,1,11.38,0
90,76,45,45,1,90.0,3
113,109,76,45,1,21.49,0
105,108,89,45,1,51.41,0
103,58,124,45,1,36.79,2
68,75,52,45,1,38.83,3
64,41,116,45,1,46.5,2
118,74,68,45,1,32.5,0
69,108,107,45,1,38.37,0
79,107,119,45,1,42.32,0
67,91,102,45,1,85.73,0
97,61,101,45,1,13.51,0
81,57,80,45,1,24.65,0
113,55,110,45,1,10.0,2
99,71,99,45,1,20.83,0
78,62,128,45,1,41.75,2
95,61,99,45,1,10.0,0
86,104,98,45,1,34.58,0
101,59,130,45,1,69.0,2
60,41,138,45,1,82.46,2
62,86,57,45,1,39.57,3
91,94,110,45,1,26.39,0
96,83,127,45,1,17.59,0
93,69,139,45,1,71.48,2
66,97,54,45,1,10.0,3
101,62,110,45,1,42.21,2
73,68,76,45,1,27.69,0
93,89,55,45,1,19.19,3
84,90,66,45,1,10.0,0
98,49,64,45,1,71.01,2
94,74,42,45,1,60.76,3
80,76,103,45,1,10.0,0
76,81,78,45,1,16.55,0
74,93,66,45,1,60.09,0
74,55,114,45,1,53.27,2
80,45,87,45,1,28.29,2
72,79,78,45,1,90.0,0
80,73,132,45,1,63.28,0
76,77,124,45,1,79.39,0
112,65,80,45,1,48.13,0
105,68,67,45,1,22.79,0
88,66,69,50,1,87.02,0
74,60,59,50,1,10.0,3
97,47,64,50,1,53.3,2
81,42,126,50,1,22.7,2
69,85,51,50,1,64.77,3
104,48,115,50,1,51.19,2
96,81,82,50,1,10.0,0
82,54,133,50,1,30.98,2
82,44,104,50,1,90.0,2
66,74,132,50,1,76.81,0
107,57,116,50,1,74.09,2
85,46,83,50,1,10.0,2
66,60,131,50,1,23.05,0
76,56,133,50,1,32.14,2
69,69,112,50,1,90.0,0
116,81,69,50,1,19.62,0
113,62,48,50,1,81.85,3
96,56,134,50,1,85.14,2
65,45,137,50,1,13.12,2
96,66,51,50,1,90.0,3
93,76,108,50,1,90.0,0
107,79,59,50,1,10.0,3
81,52,99,50,1,74.86,2
107,78,82,50,1,22.57,0
118,108,108,50,1,34.29,0
86,87,115,50,1,88.79,0
118,59,127,50,1,20.51,2
63,95,63,50,1,79.27,0
69,109,107,50,1,30.46,0
68,102,92,50,1,61.92,0
64,53,122,50,1,45.53,2
65,98,91,50,1,10.0,0
75,70,119,50,1,74.09,0
99,57,111,50,1,69.9,2
63,69,108,50,1,70.76,0
104,73,121,50,1,63.01,0
76,102,71,50,1,42.34,0
111,104,129,55,1,19.98,0
119,106,81,55,1,10.69,0
94,77,129,55,1,90.0,0
91,44,78,55,1,34.99,2
114,50,115,55,1,40.77,2
69,88,99,55,1,39.91,0
107,108,123,55,1,20.67,0
96,59,121,55,1,10.0,2
90,94,62,55,1,25.18,0
69,89,48,55,1,82.85,3
98,106,105,55,1,10.0,0
92,64,49,55,1,13.48,3
62,105,93,55,1,70.04,0
117,53,107,55,1,87.79,2
71,101,77,55,1,19.4,0
106,78,129,55,1,10.0,0
114,86,132,55,1,87.27,0
111,41,129,55,1,34.87,2
84,108,103,55,1,90.0,0
84,72,130,55,1,90.0,0
119,97,125,55,1,21.48,0
115,41,71,55,1,18.44,2
101,100,58,55,1,65.08,3
109,69,79,55,1,55.21,0
87,69,114,55,1,22.05,0
73,54,62,55,1,14.23,0
103,101,109,55,1,72.4,0
103,49,108,55,1,21.57,2
107,66,137,55,1,79.92,2
64,45,133,55,1,55.27,2
78,51,84,55,1,28.11,0
65,50,94,55,1,31.42,0
66,66,60,55,1,49.78,0
72,45,109,55,1,33.02,2
96,104,55,55,1,90.0,3
103,57,76,55,1,71.18,0
70,93,69,55,1,78.38,0
107,75,118,55,1,90.0,0
103,40,89,55,1,79.24,2
119,93,81,55,1,14.0,0
116,78,136,55,1,10.37,0
94,78,130,55,1,46.7,0
93,40,104,55,1,51.57,2
79,109,65,55,1,53.69,0
78,59,66,55,1,10.0,0
73,89,55,55,1,10.0,3
100,45,46,55,1,78.36,6
113,94,76,55,1,90.0,0
77,63,55,55,1,90.0,3
113,97,47,55,1,64.24,3
117,49,76,55,1,58.25,2
98,56,111,55,1,75.24,2
61,60,133,55,1,10.0,0
70,95,137,55,1,16.29,1
71,101,110,55,1,25.56,0
115,75,62,55,1,51.62,0
76,91,65,55,1,11.35,0
107,93,139,55,1,10.0,0
81,88,78,55,1,11.23,0
79,57,113,55,1,73.87,2
91,53,113,55,1,13.58,2
110,96,104,55,1,64.97,0
102,106,72,55,1,87.69,0
69,68,84,55,1,25.64,0
97,44,77,55,1,19.11,2
105,49,132,55,1,10.0,2
82,96,114,55,1,51.91,0
79,85,62,55,1,74.91,0
60,60,112,55,1,90.0,0
66,89,109,55,1,58.69,0
62,49,121,55,1,42.26,2
111,79,59,55,1,50.36,3
102,83,96,55,1,83.73,0
115,47,67,55,1,62.85,2
108,109,90,55,1,10.0,0
61,71,124,55,1,54.08,0
69,93,118,55,1,48.78,0
109,66,126,55,1,52.82,2
83,98,126,55,1,61.54,0
83,64,53,55,1,90.0,3
97,52,46,55,1,77.09,3
87,73,135,55,1,50.01,0
88,61,71,55,1,41.56,0
119,87,48,55,1,52.19,3
97,77,114,55,1,63.62,0
97,51,56,55,1,19.65,3
99,83,109,55,1,30.53,0
101,83,120,55,1,10.0,0
107,108,112,55,1,90.0,0
62,82,114,55,1,25.59,0
83,109,105,55,1,90.0,0
111,56,46,55,1,70.91,3
94,60,52,55,1,10.0,3
60,83,104,55,1,22.47,0
96,42,108,55,1,33.8,2
63,48,103,55,1,60.04,2
104,93,97,55,1,90.0,0
60,94,101,55,1,73.99,0
115,45,103,55,1,51.92,2
85,95,77,55,1,57.73,0
87,108,42,55,1,54.19,3
96,43,83,55,1,90.0,2
108,108,135,55,1,36.7,0
61,81,45,55,1,54.91,3
116,56,97,55,1,90.0,2
67,67,58,55,1,10.0,3
93,98,47,55,1,80.24,3
88,61,138,55,1,83.05,2
96,81,91,55,1,24.49,0
105,100,117,55,1,65.14,0
98,83,101,55,1,38.85,0
100,56,94,55,1,90.0,2
97,43,59,55,1,56.86,6
95,95,139,55,1,90.0,0
77,93,59,55,1,79.06,3
119,44,122,55,1,80.54,2
86,95,135,55,1,10.0,0
113,62,55,55,1,69.77,3
110,94,125,55,1,16.08,0
73,90,89,55,1,57.93,0
90,64,59,55,1,13.79,3
79,43,102,55,1,33.72,2
80,106,60,55,1,90.0,0
106,72,75,55,1,88.85,0
72,103,89,55,1,90.0,0
109,60,50,55,1,90.0,3
104,53,79,55,1,77.98,2
101,76,52,55,1,21.44,3
111,60,53,55,1,26.64,3
70,97,60,55,1,75.54,0
105,74,102,55,1,60.97,0
114,43,99,55,1,14.05,2
105,100,90,55,1,90.0,0
80,93,102,55,1,43.52,0
87,97,109,55,1,88.51,0
83,41,124,55,1,10.0,2
94,81,99,55,1,55.84,0
94,59,133,55,1,10.0,2
77,87,85,55,1,84.71,0
98,102,110,55,1,10.0,0
88,83,98,55,1,90.0,0
60,97,129,55,1,90.0,1
118,51,76,55,1,17.68,2
117,85,85,55,1,22.34,0
104,60,107,55,1,75.22,2
111,69,61,55,1,75.33,0
99,82,110,55,1,52.74,0
75,90,110,55,1,10.0,0
95,51,132,55,1,37.42,2
71,58,81,55,1,16.75,0
82,58,78,55,1,13.29,0
116,59,48,55,1,86.57,3
73,104,124,55,1,42.12,0
101,50,56,55,1,10.0,3
97,55,40,62,2,90.0,3
115,75,79,62,2,55.65,3
68,59,109,62,2,23.52,0
61,62,126,62,2,10.0,0
99,103,118,62,2,88.04,0
98,53,78,62,2,59.57,3
85,52,52,62,2,24.71,3
92,107,119,62,2,40.6,0
77,41,100,62,2,12.13,2
81,108,87,62,2,89.8,3
104,40,126,62,2,45.75,2
62,58,43,62,2,39.09,3
72,68,94,62,2,18.58,0
96,68,103,62,2,15.44,0
72,56,58,62,2,52.59,3
60,46,81,62,2,39.57,2
63,83,51,62,2,90.0,3
96,76,50,62,2,31.1,3
113,48,57,62,2,90.0,6
118,48,118,62,2,35.3,2
117,85,97,62,2,49.42,3
61,90,123,62,2,10.0,1
100,84,132,62,2,83.71,0
67,76,128,62,2,61.63,0
68,67,98,62,2,14.27,0
88,65,125,62,2,48.6,0
96,108,42,62,2,18.54,3
93,96,84,62,2,49.26,3
65,69,47,62,2,31.76,3
89,70,109,62,2,11.85,0
66,77,112,62,2,90.0,0
89,105,95,62,2,11.91,3
81,78,85,62,2,82.12,3
100,54,138,62,2,24.47,0
74,78,52,62,2,43.42,3
114,53,70,62,2,66.72,3
94,77,106,62,2,10.0,0
104,79,122,62,2,15.86,0
107,51,57,62,2,71.46,3
92,73,96,62,2,79.74,0
87,99,111,62,2,64.11,0
72,100,75,62,2,66.8,3
91,87,52,62,2,84.04,3
75,79,82,62,2,10.0,3
71,63,102,62,2,11.24,0
119,40,60,62,2,12.52,6
104,42,41,62,2,54.44,6
109,83,47,62,2,21.04,3
109,46,94,62,2,63.97,2
92,52,119,62,2,13.94,0
61,95,69,62,2,10.0,3
74,87,108,62,2,46.18,0
101,107,52,62,2,52.39,3
93,66,111,62,2,46.74,0
87,87,111,62,2,76.2,0
119,102,91,62,2,90.0,3
81,56,52,62,2,61.32,3
119,52,108,62,2,21.6,0
93,96,50,62,2,31.83,3
102,84,103,62,2,15.91,0
102,56,99,62,2,54.86,0
97,98,135,62,2,87.59,0
61,72,53,62,2,47.74,3
79,97,128,62,2,90.0,0
71,106,127,62,2,56.92,0
64,47,84,62,2,79.87,2
69,80,50,62,2,15.58,3
87,96,125,62,2,87.12,0
75,74,46,62,2,52.54,3
61,46,124,62,2,61.5,2
95,87,84,62,2,15.46,3
60,96,44,62,2,43.84,3
76,47,135,62,2,52.51,2
68,86,135,62,2,40.39,0
77,91,132,62,2,76.8,0
98,57,56,62,2,47.87,3
80,56,105,62,2,65.01,0
119,72,136,62,2,89.12,0
110,62,106,62,2,20.85,0
60,61,69,62,2,63.93,0
83,85,114,62,2,72.12,0
105,58,64,62,2,90.0,3
77,56,48,62,2,90.0,3
109,81,87,62,2,74.83,3
68,103,134,62,2,67.06,1
69,108,65,62,2,30.09,3
87,103,49,62,2,63.16,3
69,78,112,62,2,20.35,0
110,50,107,62,2,41.29,0
110,47,82,62,2,64.95,6
98,70,53,62,2,84.27,3
91,92,71,62,2,90.0,3
67,90,86,62,2,61.7,0
70,106,61,62,2,59.34,3
105,52,40,62,2,63.62,3
66,69,107,62,2,19.76,0
66,99,98,62,2,90.0,0
119,59,110,62,2,88.52,0
97,64,116,62,2,76.66,0
111,101,128,62,2,48.63,0
78,60,93,62,2,27.41,0
103,100,55,62,2,10.0,3
105,96,44,62,2,73.3,3
109,81,96,62,2,87.23,3
91,73,49,62,2,49.09,3
85,70,69,62,2,70.05,3
108,51,69,62,2,10.0,3
97,65,66,62,2,90.0,3
74,62,44,62,2,80.92,3
97,93,67,62,2,24.65,3
108,100,69,62,2,61.37,3
84,97,56,62,2,43.78,3
63,40,54,62,2,18.46,6
102,109,44,62,2,33.32,3
103,77,113,62,2,39.65,0
118,80,118,62,2,31.82,0
90,82,51,62,2,90.0,3
68,94,63,62,2,90.0,3
76,42,128,62,2,39.25,2
81,80,61,62,2,63.22,3
66,108,105,62,2,10.0,0
64,97,72,62,2,17.94,3
90,81,116,62,2,10.0,0
83,94,40,62,2,81.97,3
109,76,135,62,2,37.53,0
114,68,76,62,2,90.0,3
117,92,67,62,2,26.49,3
61,49,44,62,2,90.0,6
110,43,100,62,2,32.6,2
100,78,94,62,2,78.78,3
67,56,78,62,2,40.89,0
69,56,90,62,2,72.41,0
99,71,74,62,2,90.0,3
110,97,107,62,2,31.45,3
105,83,123,62,2,55.14,0
68,83,93,62,2,27.58,0
88,41,101,62,2,90.0,2
76,89,123,62,2,46.99,0
80,109,44,62,2,90.0,3
64,89,129,62,2,85.63,1
95,99,125,62,2,21.56,0
119,45,139,62,2,77.14,2
118,42,76,62,2,90.0,6
100,42,133,62,2,85.83,2
101,57,58,62,2,85.87,3
75,71,41,62,2,15.62,3
106,48,99,62,2,41.01,2
95,78,66,62,2,20.77,3
93,41,69,62,2,74.29,6
72,100,64,62,2,37.37,3
74,63,94,62,2,10.11,0
110,55,106,62,2,46.61,0
94,92,89,62,2,12.93,3
63,99,131,62,2,78.21,1
65,83,90,62,2,10.0,0
91,77,133,62,2,90.0,0
83,109,115,62,2,23.89,0
110,88,94,62,2,79.84,3
100,72,40,62,2,88.33,3
72,50,112,62,2,44.1,0
60,91,131,62,2,68.31,1
86,86,48,62,2,77.76,3
83,74,78,62,2,56.1,3
74,104,92,62,2,10.0,3
85,54,120,62,2,36.74,0
75,68,53,62,2,72.15,3
68,68,96,62,2,10.0,0
87,103,75,62,2,72.09,3
95,67,67,62,2,28.04,3
83,65,63,62,2,73.68,3
71,92,87,62,2,22.57,3
103,89,55,62,2,35.61,3
65,40,90,62,2,42.73,2
62,83,101,62,2,54.12,0
112,63,48,62,2,75.73,3
77,64,121,62,2,39.06,0
96,42,120,62,2,12.57,2
99,93,64,62,2,90.0,3
67,53,95,62,2,26.74,0
93,100,54,62,2,12.01,3
91,43,120,62,2,38.32,2
88,79,112,62,2,74.17,0
71,47,99,62,2,64.86,2
119,86,127,62,2,25.12,0
115,62,61,62,2,63.33,3
103,44,114,62,2,90.0,2
112,74,73,62,2,89.46,3
88,103,96,62,2,71.48,3
87,47,136,62,2,60.69,2
83,91,77,62,2,63.58,3
92,62,119,62,2,19.36,0
107,89,89,62,2,77.85,3
80,75,116,62,2,58.98,0
95,108,90,62,2,18.58,3
118,108,121,62,2,20.66,3
92,65,115,62,2,79.49,0
63,108,76,62,2,63.6,3
72,49,96,62,2,84.38,2
115,69,66,62,2,90.0,3
93,75,130,62,2,44.59,0
98,94,81,62,2,68.06,3
99,67,62,62,2,48.64,3
119,41,110,62,2,41.21,2
88,62,60,62,2,39.39,3
111,102,98,62,2,10.0,3
77,96,51,62,2,76.55,3
85,73,80,62,2,10.19,3
118,57,105,62,2,90.0,0
86,78,102,62,2,90.0,0
87,100,65,62,2,89.14,3
62,93,112,62,2,35.64,1
118,69,108,62,2,46.98,0
79,103,98,62,2,83.8,0
92,83,45,62,2,85.22,3
85,109,106,62,2,47.06,0
87,90,92,62,2,10.0,3
72,81,127,62,2,81.74,0
107,84,116,62,2,74.1,0
103,94,98,62,2,87.95,3
64,100,124,62,2,40.54,1
65,44,96,62,2,10.0,2
114,66,101,62,2,76.21,0
110,69,80,62,2,52.77,3
80,75,102,62,2,10.0,0
87,108,115,62,2,29.18,0
63,70,63,62,2,47.18,3
60,101,40,62,2,36.07,3
94,88,130,62,2,26.92,0
106,100,129,62,2,27.15,0
109,54,76,62,2,51.51,3
69,49,86,62,2,71.86,2
95,60,97,62,2,79.39,0
97,55,69,62,2,10.0,3
61,106,61,62,2,90.0,3
105,59,50,62,2,66.3,3
93,62,120,62,2,31.0,0
86,40,129,62,2,40.0,2
72,108,41,62,2,56.69,3
84,77,91,62,2,89.59,0
83,97,82,62,2,86.06,3
93,62,49,62,2,30.35,3
90,97,110,62,2,51.64,0
68,83,93,62,2,66.05,0
99,100,110,62,2,62.53,0
91,75,51,62,2,57.14,3
64,67,105,62,2,31.7,0
103,60,111,62,2,39.91,0
74,83,124,62,2,90.0,0
119,81,139,62,2,84.26,0
71,101,79,62,2,90.0,3
89,94,42,62,2,90.0,3
89,94,75,62,2,22.4,3
77,60,41,62,2,14.9,3
101,42,51,62,2,58.39,6
64,63,56,62,2,10.0,3
62,74,134,62,2,13.64,1
72,98,87,62,2,13.96,3
66,40,56,62,2,63.29,6
73,51,122,62,2,10.0,0
111,40,115,62,2,25.11,2
106,105,99,62,2,64.64,3
74,47,129,62,2,11.12,2
67,97,64,62,2,90.0,3
105,99,102,62,2,42.85,3
111,60,65,62,2,47.99,3
82,99,130,62,2,90.0,0
100,98,57,62,2,13.76,3
103,88,81,62,2,71.84,3
66,76,126,62,2,62.37,0
66,97,54,62,2,52.49,3
62,72,108,62,2,18.31,0
115,83,59,62,2,40.51,3
76,93,115,62,2,43.61,0
84,109,135,62,2,63.77,0
62,61,45,62,2,72.04,3
83,46,88,65,2,52.2,2
91,62,107,65,2,74.44,0
102,53,137,65,2,66.06,0
70,108,70,65,2,55.97,3
113,79,42,65,2,15.65,3
65,84,95,65,2,10.0,0
90,60,94,65,2,17.03,0
69,109,95,65,2,47.44,3
110,51,64,65,2,28.85,3
114,45,54,65,2,66.49,6
105,73,41,65,2,54.09,3
70,81,94,65,2,10.0,0
104,78,92,65,2,64.51,3
108,62,60,65,2,82.71,3
86,44,61,65,2,52.8,6
61,77,111,65,2,34.75,0
94,103,62,65,2,87.36,3
100,46,129,65,2,87.8,2
62,69,44,65,2,69.64,3
111,71,120,65,2,10.0,0
60,76,79,65,2,32.54,0
79,99,62,65,2,77.82,3
103,75,84,65,2,39.66,3
100,86,80,65,2,33.98,3
61,93,105,65,2,47.7,0
106,40,112,65,2,24.06,2
69,65,82,65,2,90.0,0
79,75,48,65,2,80.9,3
104,106,95,65,2,10.0,3
66,108,111,65,2,50.23,1
112,82,103,65,2,90.0,3
70,61,68,65,2,69.19,3
93,55,44,65,2,90.0,3
82,55,124,65,2,42.06,0
92,50,139,65,2,10.0,0
72,92,94,65,2,40.99,0
62,89,111,65,2,39.0,0
67,67,81,65,2,67.24,0
67,89,117,65,2,76.31,0
68,80,101,65,2,49.19,0
111,64,96,65,2,10.02,0
63,78,59,65,2,90.0,3
109,65,72,65,2,43.04,3
60,74,113,65,2,57.16,0
78,47,134,65,2,37.89,2
76,58,77,65,2,16.0,0
78,48,117,65,2,55.1,2
60,81,134,65,2,78.24,1
87,102,105,65,2,62.35,0
80,103,116,65,2,84.96,0
118,51,44,65,2,90.0,3
70,71,129,65,2,62.42,0
105,46,67,65,2,37.43,6
112,80,49,65,2,73.73,3
63,91,112,65,2,10.0,0
97,58,101,65,2,31.11,0
79,89,139,65,2,31.37,0
79,99,64,65,2,30.83,3
78,89,137,65,2,90.0,0
108,94,49,65,2,18.7,3
65,49,108,65,2,10.0,2
110,83,57,65,2,90.0,3
62,107,106,65,2,40.18,1
81,97,61,65,2,32.35,3
99,96,51,65,2,80.39,3
94,43,138,65,2,16.18,2
102,106,68,65,2,37.42,3
85,41,133,65,2,77.51,2
94,100,139,65,2,10.0,0
87,71,60,65,2,78.43,3
100,103,107,65,2,32.15,3
98,95,103,65,2,52.62,3
85,75,70,65,2,27.67,3
103,83,68,65,2,90.0,3
73,45,130,65,2,10.0,2
106,78,124,65,2,79.56,0
91,41,75,65,2,77.97,2
109,80,90,65,2,44.6,3
71,73,86,65,2,65.04,0
111,85,123,65,2,55.79,0
73,90,69,65,2,90.0,3
99,57,138,65,2,76.52,0
62,66,134,65,2,22.65,0
63,64,88,65,2,10.0,0
88,90,68,65,2,76.66,3
85,100,119,65,2,22.67,0
66,48,76,65,2,90.0,2
65,89,50,65,2,90.0,3
73,68,109,65,2,60.71,0
110,85,59,65,2,85.22,3
92,78,42,65,2,83.4,3
111,56,110,65,2,37.27,0
103,55,104,65,2,14.18,0
81,83,97,65,2,22.11,0
78,77,70,65,2,66.36,3
88,90,44,65,2,12.48,3
101,45,40,65,2,15.87,6
82,43,126,65,2,47.59,2
119,77,127,65,2,52.42,0
73,91,50,65,2,90.0,3
104,82,46,65,2,84.96,3
97,48,102,65,2,90.0,2
82,99,136,65,2,47.33,0
60,101,107,65,2,32.34,1
94,98,76,65,2,38.13,3
65,51,137,65,2,12.71,0
100,93,136,65,2,34.13,0
107,66,46,65,2,17.03,3
88,69,109,65,2,85.97,0
79,72,103,65,2,82.85,0
81,48,119,65,2,10.0,2
108,90,139,65,2,64.54,0
103,40,129,65,2,78.31,2
65,64,59,65,2,10.0,3
76,62,41,65,2,10.0,3
87,57,64,65,2,36.23,3
100,100,125,65,2,61.17,0
79,96,138,65,2,31.17,0
86,71,54,65,2,90.0,3
71,66,42,65,2,85.54,3
84,75,111,65,2,63.14,0
105,58,63,65,2,16.78,3
104,79,94,65,2,69.58,3
106,90,78,65,2,90.0,3
107,42,71,65,2,62.13,6
107,84,105,65,2,75.89,0
117,81,99,65,2,90.0,3
112,87,57,65,2,60.12,3
98,108,92,65,2,64.87,3
69,97,117,65,2,26.62,0
103,82,70,65,2,90.0,3
97,73,139,65,2,62.1,0
76,98,97,65,2,65.77,0
68,57,126,65,2,35.32,0
84,105,123,65,2,11.21,0
100,108,68,65,2,85.71,3
118,107,110,65,2,18.38,3
119,52,105,65,2,39.03,0
61,103,45,65,2,90.0,3
72,90,51,65,2,23.31,3
85,45,93,65,2,46.24,2
63,78,64,65,2,20.01,3
89,60,130,65,2,59.12,0
106,83,87,65,2,33.45,3
72,70,105,65,2,80.13,0
69,109,82,65,2,80.83,3
111,55,103,65,2,65.98,0
78,85,72,65,2,48.06,3
87,80,51,65,2,28.35,3
109,66,58,65,2,33.32,3
117,91,64,65,2,17.87,3
116,90,44,65,2,57.37,3
84,101,47,65,2,10.0,3
89,89,72,65,2,89.1,3
114,103,55,65,2,81.29,3
113,108,41,65,2,31.63,3
75,58,128,65,2,74.63,0
90,69,77,65,2,83.55,3
90,100,121,65,2,11.35,0
78,90,71,65,2,90.0,3
112,90,71,65,2,10.0,3
73,103,112,65,2,13.74,0
103,76,105,65,2,13.17,0
74,83,92,65,2,37.13,0
68,42,40,65,2,77.53,6
78,85,69,65,2,20.19,3
64,82,96,65,2,90.0,0
73,47,41,65,2,41.79,6
114,97,65,65,2,56.09,3
86,97,106,65,2,24.96,0
117,78,84,65,2,90.0,3
90,99,58,65,2,61.33,3
76,57,124,65,2,52.3,0
74,85,137,65,2,84.78,0
117,51,91,65,2,58.54,0
102,55,117,65,2,10.0,0
93,84,71,65,2,53.14,3
100,102,44,65,2,74.83,3
82,73,80,65,2,46.77,3
93,49,139,65,2,90.0,2
118,60,138,65,2,70.58,0
105,84,63,65,2,21.64,3
99,100,134,65,2,35.81,0
88,83,96,65,2,90.0,0
91,93,97,65,2,43.02,3
105,71,101,65,2,78.28,0
113,48,43,65,2,10.0,6
69,79,117,65,2,21.63,0
95,54,86,70,2,87.22,0
96,101,67,70,2,61.45,3
114,58,136,70,2,51.01,0
60,49,41,70,2,81.77,6
101,42,43,70,2,29.58,6
84,66,138,70,2,15.86,0
95,58,51,70,2,90.0,3
100,60,99,70,2,86.69,0
66,104,126,70,2,71.66,1
77,94,57,70,2,10.0,3
93,50,68,70,2,59.56,3
104,78,79,70,2,82.99,3
116,92,106,70,2,87.92,3
71,76,92,70,2,10.0,0
119,98,129,70,2,18.98,0
99,63,56,70,2,38.08,3
116,101,84,70,2,46.04,3
64,101,127,70,2,22.29,1
117,70,44,70,2,68.19,3
113,90,116,70,2,36.02,0
113,105,111,70,2,26.32,3
101,67,63,70,2,42.44,3
88,64,128,70,2,83.14,0
117,86,103,70,2,10.0,3
92,76,121,70,2,18.88,0
77,91,83,70,2,50.94,3
69,77,132,70,2,38.01,0
109,64,109,70,2,24.0,0
88,107,126,70,2,54.15,0
100,54,56,70,2,26.09,3
79,71,87,70,2,22.71,0
105,92,42,70,2,54.11,3
69,109,109,70,2,81.23,0
71,75,83,70,2,40.23,0
86,84,62,70,2,44.58,3
104,72,59,70,2,49.96,3
82,89,124,70,2,90.0,0
107,95,78,70,2,22.25,3
68,82,122,70,2,46.14,0
100,43,49,70,2,56.94,6
113,57,127,70,2,18.51,0
62,64,107,70,2,80.32,0
75,92,86,70,2,72.84,3
86,42,46,70,2,36.03,6
106,75,52,70,2,61.0,3
89,57,49,70,2,69.7,3
71,53,66,70,2,74.55,3
118,57,113,70,2,51.43,0
119,91,51,70,2,22.45,3
77,95,109,70,2,19.47,0
109,45,40,70,2,20.94,6
106,76,111,70,2,11.44,0
92,55,94,70,2,90.0,0
99,44,101,70,2,10.0,2
67,43,125,70,2,57.36,2
65,85,113,70,2,80.71,0
118,100,68,70,2,10.0,3
77,70,120,70,2,17.48,0
68,87,86,70,2,10.0,0
90,73,92,70,2,47.69,0
104,97,124,70,2,25.23,0
108,103,80,70,2,48.06,3
70,103,134,70,2,46.06,1
94,94,54,70,2,10.0,3
104,67,80,70,2,26.17,3
78,93,124,70,2,43.33,0
107,69,41,70,2,60.73,3
65,70,84,70,2,83.58,0
89,55,68,70,2,88.44,3
115,86,51,70,2,70.04,3
61,71,101,70,2,30.72,0
99,77,106,70,2,80.86,0
96,93,73,70,2,86.87,3
90,61,64,70,2,90.0,3
74,41,44,70,2,15.38,6
68,97,76,70,2,75.89,3
100,62,90,70,2,79.93,0
89,75,100,70,2,60.92,0
62,43,132,70,2,37.06,2
119,91,45,70,2,41.38,3
84,94,133,70,2,10.0,0
99,72,90,70,2,31.81,3
102,93,127,70,2,43.81,0
62,103,77,70,2,28.84,3
62,61,47,70,2,33.63,3
83,92,118,70,2,23.25,0
98,42,136,70,2,42.76,2
68,51,138,70,2,19.27,0
94,109,107,70,2,10.0,3
69,71,110,70,2,30.36,0
90,69,73,70,2,64.25,3
62,101,102,70,2,72.01,0
108,46,100,70,2,36.29,2
77,77,45,70,2,36.86,3
88,40,44,70,2,90.0,6
79,47,84,70,2,25.29,2
109,70,60,70,2,77.82,3
73,95,74,70,2,90.0,3
108,61,97,70,2,84.69,0
64,65,136,70,2,34.33,0
104,62,63,70,2,47.7,3
70,84,124,70,2,15.31,0
63,49,52,70,2,89.39,6
73,62,128,70,2,17.05,0
68,93,54,70,2,34.91,3
69,76,118,70,2,78.52,0
113,98,62,70,2,26.31,3
70,40,46,70,2,25.87,6
62,94,100,70,2,89.21,0
115,55,84,70,2,73.37,3
110,100,124,70,2,36.12,0
112,82,48,70,2,61.95,3
66,78,99,70,2,23.48,0
112,86,103,70,2,46.4,3
97,101,124,70,2,14.3,0
60,68,112,70,2,88.91,0
85,104,106,70,2,26.63,0
89,106,75,70,2,53.54,3
68,88,97,70,2,48.07,0
98,103,117,70,2,71.61,0
66,58,116,70,2,73.1,0
74,87,97,70,2,81.03,0
118,77,90,70,2,62.67,3
109,46,62,70,2,76.11,6
73,91,44,70,2,81.04,3
101,41,82,70,2,10.0,2
94,41,98,70,2,55.27,2
76,65,82,70,2,32.19,0
106,101,72,70,2,62.59,3
89,101,109,70,2,43.03,0
61,109,48,70,2,50.09,3
116,91,104,70,2,38.74,3
66,64,87,70,2,27.73,0
110,76,132,70,2,33.61,0
116,80,95,70,2,23.79,3
105,86,128,70,2,85.38,0
99,76,60,70,2,90.0,3
66,67,51,70,2,66.12,3
85,59,41,70,2,51.82,3
72,105,129,70,2,77.57,0
61,79,95,70,2,22.68,0
97,70,77,70,2,28.05,3
116,78,72,70,2,10.0,3
89,89,89,70,2,27.11,3
86,43,115,70,2,89.3,2
119,42,109,70,2,33.5,2
90,77,56,70,2,58.8,3
73,44,80,70,2,74.05,2
107,81,52,70,2,39.81,3
75,108,127,70,2,69.79,0
110,69,129,70,2,46.92,0
84,101,80,70,2,42.41,3
92,68,105,70,2,47.1,0
105,59,129,70,2,90.0,0
110,49,62,70,2,65.14,6
66,92,105,70,2,20.96,0
82,78,95,70,2,65.32,0
78,76,117,70,2,49.07,0
106,67,61,70,2,65.35,3
76,86,75,70,2,80.09,3
119,72,98,70,2,80.04,3
116,108,136,70,2,25.12,0
70,42,55,70,2,37.21,6
76,75,111,70,2,10.0,0
104,57,95,70,2,57.91,0
107,50,49,70,2,36.35,3
95,103,113,70,2,53.15,0
118,77,65,70,2,52.61,3
82,71,131,70,2,14.59,0
69,86,93,70,2,54.58,0
69,90,128,70,2,10.0,0
115,75,138,70,2,37.95,0
100,108,85,70,2,90.0,3
111,41,64,70,2,90.0,6
81,40,119,70,2,10.0,2
117,46,42,70,2,60.07,6
106,82,84,70,2,41.26,3
90,80,44,70,2,56.85,3
94,69,47,70,2,84.12,3
84,95,65,70,2,87.46,3
65,41,118,70,2,78.74,2
98,60,69,85,3,39.47,3
89,43,125,85,3,45.35,2
103,79,116,85,3,67.15,0
90,53,58,85,3,90.0,3
69,61,51,85,3,67.61,3
67,80,51,85,3,60.18,3
71,49,41,85,3,24.36,6
86,67,119,85,3,26.25,0
96,75,56,85,3,77.87,3
104,56,67,85,3,77.24,3
115,77,117,85,3,37.22,0
98,107,79,85,3,34.83,3
114,98,71,85,3,43.9,3
76,48,113,85,3,88.82,2
61,86,79,85,3,71.44,3
110,90,121,85,3,90.0,0
97,51,86,85,3,23.84,0
63,68,112,85,3,19.35,0
109,61,76,85,3,10.0,3
102,76,74,85,3,90.0,3
83,80,83,85,3,10.0,3
95,73,47,85,3,10.0,3
113,100,75,85,3,10.0,3
101,102,65,85,3,22.21,3
85,43,51,85,3,73.75,6
72,76,74,85,3,73.56,3
110,61,63,85,3,31.18,3
89,103,100,85,3,32.03,3
78,97,57,85,3,33.97,3
67,43,89,85,3,64.7,2
72,87,92,85,3,48.03,0
92,87,125,85,3,69.86,0
68,63,130,85,3,40.33,0
87,98,115,85,3,22.76,0
108,82,74,85,3,30.13,3
118,86,42,85,3,56.76,3
89,108,113,85,3,47.53,0
76,46,76,85,3,22.76,2
83,89,41,85,3,76.73,3
110,107,98,85,3,77.88,3
90,43,103,85,3,51.51,2
115,102,95,85,3,50.59,3
73,61,101,85,3,90.0,0
109,46,113,85,3,41.81,2
68,81,83,85,3,58.23,0
97,40,115,85,3,42.37,2
76,45,60,85,3,10.0,6
110,90,45,85,3,66.7,3
100,69,76,85,3,89.23,3
90,107,96,85,3,79.36,3
93,96,123,85,3,69.36,0
95,59,94,85,3,13.65,0
103,42,111,85,3,45.1,2
76,58,90,85,3,10.0,0
103,90,98,85,3,71.51,3
103,83,75,85,3,90.0,3
87,102,46,85,3,69.89,3
94,40,73,85,3,10.0,2
72,50,128,85,3,25.69,0
69,87,43,85,3,10.0,3
97,56,129,85,3,40.52,0
71,83,57,85,3,72.47,3
92,52,87,85,3,10.0,0
62,50,116,85,3,77.1,0
89,105,89,85,3,60.3,3
98,45,93,85,3,70.67,2
86,79,51,85,3,35.66,3
76,48,48,85,3,58.21,6
67,80,133,85,3,10.0,0
101,55,89,85,3,10.0,0
86,41,64,85,3,90.0,6
69,78,68,85,3,10.0,3
71,73,72,85,3,20.2,3
63,87,123,85,3,28.77,1
67,102,86,85,3,63.73,3
113,95,112,85,3,32.05,0
95,83,129,85,3,18.93,0
119,70,56,85,3,16.96,3
61,83,116,85,3,19.42,0
107,69,75,85,3,68.01,3
88,46,96,85,3,81.51,2
87,59,75,85,3,45.63,3
79,62,69,85,3,74.59,3
112,62,118,85,3,21.5,0
112,80,117,85,3,90.0,0
87,108,50,85,3,57.47,3
114,54,56,85,3,22.14,3
68,76,43,85,3,90.0,3
104,53,61,85,3,31.31,3
73,50,70,85,3,76.9,0
62,82,67,85,3,87.27,3
117,82,50,85,3,69.22,3
119,108,95,85,3,90.0,3
113,40,136,85,3,37.0,2
90,100,49,85,3,66.72,3
103,85,130,85,3,10.0,0
86,50,133,85,3,90.0,0
116,45,91,85,3,10.51,2
65,61,60,85,3,50.21,3
99,97,68,85,3,88.24,3
108,40,86,85,3,14.39,2
88,95,64,85,3,88.91,3
85,102,72,85,3,35.42,3
79,97,51,85,3,75.49,3
63,82,103,85,3,55.1,0
94,99,108,85,3,42.7,0
97,80,51,85,3,10.0,3
79,41,67,85,3,71.56,2
73,92,80,85,3,61.24,3
110,76,53,85,3,80.05,3
105,64,98,85,3,65.65,0
80,83,40,85,3,87.43,3
89,82,76,85,3,45.2,3
81,52,76,85,3,44.08,0
92,79,115,85,3,37.67,0
110,81,61,85,3,76.98,3
60,104,116,85,3,56.77,1
63,71,133,85,3,90.0,0
85,106,94,85,3,90.0,3
119,77,128,85,3,69.06,0
116,86,50,85,3,51.09,3
76,56,63,85,3,30.71,3
95,103,42,85,3,24.14,3
109,66,135,85,3,59.83,0
63,61,132,85,3,24.44,0
63,104,99,85,3,27.24,0
68,79,76,85,3,36.76,3
113,42,84,85,3,85.85,2
92,77,84,85,3,71.29,3
102,57,126,85,3,46.62,0
116,44,108,85,3,18.61,2
75,80,112,85,3,59.68,0
77,42,46,85,3,10.0,6
83,68,118,85,3,33.46,0
95,40,60,85,3,68.7,6
116,91,96,85,3,43.86,3
117,109,106,85,3,62.5,3
77,91,123,85,3,10.0,0
87,84,85,85,3,90.0,3
118,71,108,85,3,77.12,0
80,88,110,85,3,90.0,0
86,98,96,85,3,19.44,3
113,65,124,85,3,80.9,0
74,90,96,85,3,25.72,0
90,63,73,85,3,43.85,3
109,46,65,85,3,16.98,6
103,82,40,85,3,10.0,3
82,87,49,85,3,84.59,3
61,52,130,85,3,84.97,0
117,95,125,85,3,36.38,0
89,81,117,85,3,90.0,0
105,92,120,85,3,18.26,0
114,82,65,85,3,62.35,3
87,67,50,85,3,60.12,3
97,84,99,85,3,42.8,0
68,102,103,85,3,65.8,0
89,72,45,85,3,69.99,3
95,41,50,85,3,79.52,6
102,59,68,85,3,28.12,3
86,60,58,85,3,23.14,3
102,102,102,85,3,39.19,3
101,40,61,85,3,76.41,6
76,95,98,85,3,30.53,0
83,57,87,85,3,84.23,0
75,59,119,85,3,12.17,0
117,109,106,85,3,55.38,3
75,68,113,85,3,52.42,0
99,98,97,85,3,79.6,3
80,69,59,85,3,38.45,3
103,85,97,85,3,10.0,3
107,95,90,85,3,41.1,3
101,66,69,85,3,34.77,3
104,80,47,85,3,71.16,3
70,66,51,85,3,67.43,3
114,104,127,85,3,80.38,0
71,65,112,85,3,48.55,0
103,70,63,85,3,85.21,3
74,107,108,85,3,38.16,0
85,108,40,85,3,53.48,3
71,45,66,85,3,37.57,2
73,86,124,85,3,90.0,0
117,74,104,85,3,11.6,0
111,100,121,85,3,62.15,0
64,100,135,85,3,79.32,1
94,102,92,85,3,49.93,3
62,52,109,85,3,10.0,0
81,75,47,85,3,30.57,3
104,97,77,85,3,66.0,3
112,48,60,85,3,69.63,6
106,69,124,85,3,33.87,0
78,94,70,85,3,90.0,3
111,44,55,85,3,63.47,6
87,82,78,85,3,52.14,3
69,88,68,85,3,23.95,3
109,51,89,85,3,67.46,0
81,95,125,85,3,20.79,0
117,94,129,85,3,21.73,0
91,54,55,85,3,90.0,3
79,40,88,85,3,80.97,2
89,60,139,85,3,34.66,0
117,96,52,85,3,50.4,3
81,69,63,85,3,90.0,3
83,62,77,85,3,64.04,3
98,41,115,85,3,37.43,2
78,87,121,85,3,10.0,0
73,102,128,85,3,79.32,0
68,75,52,85,3,84.74,3
62,66,82,85,3,63.57,0
92,93,100,85,3,44.91,0
64,81,67,85,3,33.55,3
65,52,136,85,3,63.93,0
99,108,46,85,3,77.17,3
102,43,98,85,3,90.0,2
75,83,85,85,3,81.67,3
110,66,62,85,3,90.0,3
107,104,52,85,3,75.8,3
94,47,125,85,3,67.75,2
70,104,40,85,3,90.0,3
102,44,68,85,3,59.42,6
62,87,83,85,3,83.25,0
108,93,139,85,3,41.87,0
85,54,105,85,3,62.22,0
94,104,57,85,3,36.04,3
62,87,65,85,3,22.39,3
71,80,55,85,3,90.0,3
95,67,117,85,3,61.76,0
103,93,61,85,3,10.0,3
60,96,42,85,3,90.0,3
119,62,54,85,3,54.12,3
100,65,60,85,3,53.12,3
99,67,63,85,3,17.63,3
108,109,74,85,3,70.99,3
64,59,112,85,3,22.4,0
93,69,62,85,3,90.0,3
69,58,47,85,3,50.93,3
66,62,92,85,3,68.08,0
117,109,103,85,3,19.19,3
86,59,41,85,3,59.71,3
63,84,112,85,3,90.0,0
94,78,68,85,3,29.17,3
72,94,131,85,3,90.0,0
92,69,138,85,3,66.57,0
95,46,69,85,3,50.17,6
95,50,98,85,3,25.83,0
84,86,134,85,3,68.7,0
111,61,49,85,3,89.6,3
117,69,100,85,3,17.48,3
78,74,120,85,3,90.0,0
95,68,69,85,3,12.69,3
101,41,88,85,3,89.36,2
99,88,129,85,3,87.44,0
98,97,137,85,3,83.39,0
83,79,105,85,3,85.18,0
88,101,73,85,3,20.52,3
116,44,122,85,3,18.9,2
119,106,68,85,3,83.07,3
118,84,88,85,3,88.76,3
70,83,93,85,3,42.76,0
98,44,122,85,3,30.03,2
112,84,110,85,3,44.1,0
66,91,75,85,3,90.0,3
113,55,49,85,3,23.39,3
109,103,64,85,3,28.58,3
63,89,42,85,3,28.28,3
84,102,67,85,3,79.29,3
71,52,102,85,3,90.0,0
88,80,106,85,3,10.0,0
112,56,119,85,3,52.23,0
89,86,42,85,3,27.38,3
90,84,115,85,3,90.0,0
72,87,67,85,3,49.51,3
111,61,139,85,3,49.6,0
83,74,55,85,3,87.73,3
98,80,76,85,3,64.85,3
91,69,127,85,3,10.85,0
61,47,53,85,3,30.98,6
100,106,90,85,3,26.84,3
116,50,113,85,3,12.17,0
119,65,99,85,3,68.98,3
115,80,59,85,3,21.01,3
113,46,126,85,3,90.0,2
111,56,76,85,3,42.25,3
89,51,100,85,3,46.59,0
108,85,55,85,3,56.89,3
99,64,81,85,3,79.09,3
102,62,99,85,3,57.25,0
117,99,134,85,3,15.57,0
95,107,53,85,3,26.93,3
101,85,108,85,3,55.95,0
97,47,106,85,3,10.0,2
89,42,62,85,3,21.47,6
85,69,126,85,3,90.0,0
97,89,115,85,3,24.93,0
113,69,126,85,3,28.15,0
106,42,133,85,3,90.0,2
112,46,76,85,3,10.0,6
88,102,138,85,3,53.3,0
86,92,136,85,3,76.1,0
95,41,136,85,3,55.19,2
98,83,64,85,3,16.62,3
111,101,96,85,3,74.96,3
60,86,66,85,3,10.0,3
86,109,63,85,3,90.0,3
106,71,122,85,3,90.0,0
107,74,107,85,3,40.07,0
106,104,128,85,3,49.03,0
113,52,122,85,3,32.85,0
64,84,65,85,3,90.0,3
90,54,71,85,3,73.99,3
72,69,96,85,3,29.69,0
70,94,81,85,3,65.57,3
60,69,52,85,3,69.54,3
105,41,90,85,3,18.02,2
79,67,71,85,3,20.39,3
109,83,72,85,3,25.5,3
116,69,87,85,3,37.24,3
60,52,48,85,3,10.0,3
113,73,47,85,3,90.0,3
92,103,66,85,3,84.75,3
79,89,118,85,3,54.02,0
98,52,134,85,3,71.94,0
113,46,80,85,3,70.67,6
99,70,86,85,3,10.0,3
83,109,50,85,3,90.0,3
106,69,115,85,3,90.0,0
118,66,112,85,3,10.0,0
76,100,87,85,3,84.0,3
112,69,57,85,3,90.0,3
110,58,73,85,3,54.15,3
108,60,75,85,3,11.81,3
86,72,72,85,3,69.4,3
68,103,89,85,3,10.0,3
88,64,50,85,3,13.47,3
82,43,118,85,3,71.97,2
99,45,44,85,3,56.46,6
94,53,104,85,3,10.0,0
114,109,77,85,3,87.68,3
75,57,74,85,3,90.0,0
67,88,93,85,3,81.14,0
61,44,124,85,3,77.45,2
88,57,109,85,3,82.07,0
118,73,55,85,3,90.0,3
62,64,53,85,3,28.24,3
68,77,110,85,3,83.82,0
117,71,86,85,3,54.47,3
107,92,107,85,3,87.97,3
87,58,84,85,3,63.46,0
79,68,91,85,3,60.26,0
96,41,53,85,3,10.0,6
78,70,53,85,3,29.47,3
98,92,47,85,3,10.0,3
95,103,130,85,3,51.1,0
107,77,90,85,3,83.08,3
108,78,136,85,3,59.04,0
102,70,66,85,3,40.64,3
116,82,116,85,3,45.88,0
67,50,87,85,3,10.37,0
114,86,101,85,3,40.77,3
108,93,63,85,3,74.35,3
105,56,42,85,3,10.0,3
108,98,91,85,3,82.62,3
96,60,123,85,3,52.36,0
114,86,123,85,3,11.23,0
91,52,131,85,3,29.01,0
64,44,49,85,3,46.47,6
65,57,76,85,3,31.22,0
67,59,122,85,3,56.23,0
83,86,72,85,3,60.33,3
112,59,57,85,3,37.22,3
88,49,45,85,3,26.3,6
117,48,70,85,3,10.0,6
62,60,70,85,3,16.35,0
64,86,93,85,3,10.0,0
64,46,41,85,3,88.43,6
86,71,100,85,3,10.0,0
73,97,113,85,3,79.98,0
86,59,138,85,3,90.0,0
104,60,52,85,3,34.32,3
61,100,97,85,3,32.66,0
82,53,94,85,3,10.0,0
114,88,112,85,3,22.9,0
118,107,78,85,3,60.74,3
106,46,95,85,3,39.99,2
68,51,102,85,3,39.06,0
65,87,130,85,3,23.46,1
64,55,100,85,3,41.9,0
72,77,51,85,3,61.36,3
78,90,89,85,3,31.86,3
106,68,108,85,3,76.0,0
93,73,45,85,3,65.05,3
62,85,85,85,3,90.0,0
89,109,73,85,3,18.38,3
107,106,128,85,3,90.0,0
85,103,116,85,3,70.13,0
94,72,133,85,3,10.0,0
118,63,104,85,3,44.06,0
81,54,131,85,3,78.22,0
68,109,109,85,3,10.0,0
77,91,85,85,3,11.93,3
86,79,122,85,3,90.0,0
116,49,90,85,3,76.98,2
96,74,74,85,3,35.78,3
103,91,103,85,3,80.13,3
89,103,57,85,3,46.29,3
71,97,53,85,3,83.43,3
92,67,125,85,3,32.73,0
83,97,114,85,3,46.88,0
79,77,107,85,3,10.0,0
60,87,57,85,3,86.63,3
81,102,90,85,3,46.93,3
88,84,139,85,3,68.84,0
93,59,116,85,3,38.74,0
114,44,88,85,3,79.69,2
103,48,106,85,3,10.0,2
78,88,57,85,3,56.22,3
60,87,68,85,3,56.83,3
98,80,56,85,3,21.37,3
78,50,44,85,3,10.0,3
110,74,72,85,3,50.61,3
86,98,89,85,3,22.87,3
73,94,121,85,3,85.62,0
111,85,111,85,3,74.77,0
63,52,58,85,3,30.71,3
61,102,96,85,3,10.0,0
99,42,110,85,3,88.29,2
83,70,106,85,3,86.58,0
104,87,96,85,3,10.0,3
91,54,122,85,3,90.0,0
67,44,96,85,3,90.0,2
90,69,56,85,3,46.83,3
114,91,63,85,3,77.57,3
88,56,65,85,3,70.25,3
114,45,94,85,3,38.22,2
108,101,84,85,3,64.89,3
68,69,127,85,3,10.0,0
86,49,123,85,3,77.19,2
65,44,84,85,3,13.47,2
65,54,71,85,3,12.48,0
113,72,134,85,3,56.25,0
95,64,105,85,3,10.0,0
86,75,137,85,3,71.73,0
111,88,64,85,3,90.0,3
112,56,126,85,3,43.29,0
97,51,73,90,3,90.0,3
76,92,123,90,3,52.59,0
117,94,70,90,3,16.32,3
113,96,130,90,3,58.04,0
95,62,74,90,3,79.61,3
100,80,124,90,3,74.45,0
72,56,121,90,3,10.0,0
88,52,56,90,3,33.78,3
65,79,87,90,3,83.88,0
62,62,98,90,3,53.69,0
110,103,131,90,3,38.55,0
80,107,129,90,3,49.49,0
116,92,74,90,3,21.49,3
74,57,139,90,3,90.0,0
77,62,46,90,3,71.9,3
86,86,70,90,3,42.55,3
112,71,96,90,3,46.12,3
64,89,121,90,3,89.61,0
106,69,117,90,3,82.49,0
68,49,88,90,3,24.71,2
68,92,92,90,3,46.53,0
79,41,42,90,3,36.01,6
75,61,66,90,3,18.33,3
79,73,95,90,3,41.62,0
110,51,64,90,3,68.62,3
114,109,68,90,3,47.68,3
78,82,112,90,3,86.97,0
85,91,116,90,3,72.8,0
97,53,77,90,3,34.49,3
74,78,109,90,3,90.0,0
84,87,41,90,3,90.0,3
65,54,80,90,3,11.29,0
110,71,122,90,3,10.0,0
69,101,82,90,3,10.0,3
87,106,125,90,3,78.47,0
86,85,104,90,3,24.54,0
75,82,120,90,3,54.36,0
95,62,81,90,3,90.0,3
73,67,79,90,3,20.5,0
70,51,135,90,3,19.18,0
71,94,128,90,3,27.8,0
95,69,67,90,3,10.0,3
74,77,117,90,3,10.0,0
110,92,68,90,3,82.07,3
60,72,98,90,3,20.46,0
69,86,137,90,3,34.02,0
110,99,105,90,3,27.36,3
105,46,62,90,3,10.0,6
61,65,117,90,3,16.34,0
64,71,54,90,3,60.86,3
85,53,129,90,3,10.0,0
87,91,72,90,3,12.48,3
113,64,110,90,3,29.38,0
113,98,57,90,3,10.0,3
96,62,79,90,3,53.78,3
79,68,44,90,3,28.68,3
73,92,66,90,3,90.0,3
84,65,134,90,3,43.15,0
109,60,48,90,3,27.63,3
107,107,54,90,3,61.71,3
80,53,96,90,3,13.21,0
60,40,130,90,3,51.5,2
92,58,57,90,3,71.76,3
100,81,124,90,3,45.06,0
90,40,68,90,3,10.0,6
94,73,83,90,3,31.76,3
97,70,43,90,3,10.0,3
96,43,104,90,3,55.25,2
101,75,52,94,3,34.16,3
106,66,123,94,3,37.17,0
96,84,102,94,3,76.1,0
94,86,95,94,3,25.55,3
76,43,103,94,3,90.0,2
96,99,98,94,3,42.49,3
115,104,124,94,3,82.21,0
65,41,49,94,3,81.18,6
85,47,80,94,3,10.0,2
116,71,89,94,3,61.56,3
109,107,107,94,3,48.05,3
61,94,135,94,3,33.49,1
82,48,53,94,3,50.18,6
83,40,127,94,3,27.42,2
72,63,58,94,3,90.0,3
68,64,100,94,3,32.33,0
117,77,111,94,3,67.57,0
96,84,84,94,3,12.06,3
82,54,88,94,3,85.67,0
102,101,83,94,3,90.0,3
109,71,126,94,3,90.0,0
88,49,95,94,3,47.79,2
66,54,83,94,3,78.49,0
74,71,92,94,3,24.69,0
107,69,93,94,3,90.0,3
111,90,62,94,3,76.53,3
88,53,106,94,3,16.98,0
113,59,94,94,3,90.0,0
73,88,109,94,3,21.24,0
94,70,119,94,3,88.84,0
113,55,47,94,3,15.73,3
66,80,137,94,3,21.6,1
90,51,130,94,3,78.14,0
70,104,62,94,3,59.81,3
60,104,74,94,3,54.21,3
116,79,132,94,3,60.63,0
67,98,44,94,3,78.91,3
62,87,95,94,3,77.4,0
86,45,113,94,3,30.93,2
76,108,120,94,3,84.86,0
97,80,100,94,3,71.81,0
62,66,66,94,3,90.0,3
105,58,77,94,3,78.2,3
91,49,85,94,3,90.0,2
112,97,108,94,3,30.17,3
63,41,51,94,3,59.57,6
97,95,101,94,3,62.24,3
61,86,58,94,3,51.44,3
107,99,136,94,3,73.88,0
97,83,127,94,3,63.98,0
118,96,56,94,3,40.91,3
73,92,53,94,3,77.56,3
65,109,43,94,3,53.81,3
78,67,52,94,3,42.51,3
107,69,89,94,3,86.2,3
93,82,111,94,3,69.31,0
83,65,132,94,3,44.79,0
112,93,66,94,3,59.88,3
94,77,131,94,3,28.4,0
102,60,48,94,3,76.88,3
61,95,69,94,3,52.93,3
110,105,97,94,3,17.9,3
107,54,99,94,3,85.74,0
90,70,88,94,3,10.51,0
80,108,55,94,3,55.28,3
84,96,137,94,3,52.02,0
75,61,46,94,3,36.41,3
60,109,111,94,3,45.82,1
79,101,111,94,3,17.68,0
64,90,76,94,3,81.35,3
68,72,60,94,3,87.02,3
62,90,80,94,3,73.66,3
87,105,88,94,3,10.0,3
61,73,124,94,3,90.0,0
95,102,73,94,3,46.96,3
88,65,75,94,3,22.66,3
104,101,126,94,3,16.74,0
99,61,98,94,3,10.0,0
76,94,53,94,3,10.0,3
99,81,86,94,3,44.78,3
113,74,107,94,3,75.93,0
102,59,114,94,3,48.02,0
109,86,72,94,3,26.4,3
65,67,40,94,3,52.34,3
61,52,48,94,3,72.78,3
102,76,102,94,3,17.79,0
89,109,75,94,3,17.09,3
75,75,106,94,3,44.94,0
110,45,50,94,3,39.85,6
89,70,88,94,3,48.65,0
86,105,71,94,3,21.79,3
94,43,85,94,3,11.29,2
112,90,123,94,3,90.0,0
110,94,102,94,3,10.0,3
81,73,123,94,3,65.6,0
80,83,139,94,3,60.1,0
115,57,46,94,3,63.24,3
86,92,96,94,3,15.56,0
97,69,123,94,3,26.32,0
84,100,99,94,3,82.12,3
89,82,100,94,3,59.2,0
109,106,121,94,3,90.0,0
112,53,102,94,3,19.69,0
90,87,66,94,3,76.38,3
76,54,42,94,3,90.0,3
72,107,128,94,3,33.93,0
103,83,129,94,3,78.1,0
71,55,80,94,3,45.11,0
78,57,124,94,3,83.89,0
98,45,114,94,3,20.99,2
94,79,91,94,3,10.0,3
79,88,58,94,3,89.26,3
69,105,101,94,3,15.86,0
92,57,111,94,3,51.03,0
72,45,44,94,3,90.0,6
103,82,73,94,3,47.88,3
78,62,47,94,3,51.81,3
63,87,81,94,3,10.86,0
103,55,42,94,3,65.97,3
106,53,102,94,3,24.25,0
112,45,82,94,3,86.78,6
64,65,68,94,3,61.16,3
71,52,65,94,3,46.07,3
64,60,96,94,3,81.86,0
83,67,65,94,3,80.23,3
117,68,126,94,3,75.48,0
85,105,89,94,3,25.72,3
105,62,93,94,3,10.0,0
86,66,133,94,3,87.3,0
61,88,102,94,3,45.21,0
66,82,130,94,3,85.3,0
81,43,102,94,3,90.0,2
80,61,101,94,3,90.0,0
90,104,101,94,3,57.12,3
95,44,128,94,3,57.48,2
90,75,59,94,3,33.59,3
68,101,136,94,3,61.02,1
116,94,81,94,3,77.04,3
71,106,63,94,3,90.0,3
96,70,93,94,3,42.89,0
110,88,52,94,3,78.28,3
62,48,136,94,3,62.29,2
103,56,118,94,3,90.0,0
75,70,81,94,3,75.11,0
106,107,89,94,3,34.9,3
69,63,68,94,3,87.7,3
68,87,96,94,3,33.87,0
63,51,79,94,3,13.96,0
80,85,129,94,3,13.06,0
85,76,113,94,3,84.27,0
113,68,116,94,3,53.27,0
60,81,53,94,3,10.54,3
69,47,77,94,3,27.01,2
110,100,131,94,3,13.36,0
64,93,112,94,3,61.32,0
66,73,81,94,3,50.11,0
70,86,102,94,3,10.49,0
70,57,80,100,3,57.11,0
92,45,73,100,3,32.99,6
110,81,40,100,3,57.55,3
99,98,55,100,3,29.2,3
63,48,78,100,3,38.68,2
81,68,75,100,3,55.85,3
79,70,59,100,3,45.1,3
73,40,78,100,3,40.19,2
81,80,137,100,3,12.1,0
112,65,117,100,3,32.32,0
68,79,76,100,3,28.63,3
70,46,104,100,3,10.0,2
118,43,80,100,3,90.0,6
102,84,50,100,3,81.25,3
89,78,79,100,3,68.2,3
89,82,58,100,3,10.0,3
99,102,84,100,3,77.16,3
62,63,78,100,3,43.5,0
60,44,43,100,3,88.24,6
72,106,139,100,3,72.94,1
118,84,118,100,3,72.4,0
72,97,122,100,3,29.16,0
70,103,121,100,3,89.13,0
76,67,45,100,3,24.3,3
98,41,113,100,3,69.66,2
85,86,91,100,3,26.66,3
87,95,119,100,3,63.35,0
89,60,114,100,3,57.37,0
61,48,78,100,3,87.43,2
108,56,70,100,3,89.33,3
65,61,45,100,3,45.82,3
88,74,115,100,3,36.3,0
78,77,62,100,3,90.0,3
88,43,127,100,3,86.07,2
62,51,65,100,3,90.0,0
73,40,61,100,3,83.77,2
78,69,111,100,3,77.75,0
63,91,89,100,3,30.93,0
72,62,57,100,3,90.0,3
81,66,134,100,3,31.26,0
69,93,114,100,3,59.47,0
89,69,41,100,3,85.72,3
83,79,113,100,3,10.0,0
93,95,48,100,3,49.58,3
68,47,45,100,3,70.59,6
67,107,114,100,3,90.0,1
89,84,133,100,3,68.58,0
69,47,86,100,3,38.76,2
111,53,96,100,3,75.43,0
108,106,99,100,3,43.08,3
111,46,72,100,3,72.18,6
91,47,137,100,3,90.0,2
87,45,53,100,3,58.69,6
117,84,61,100,3,64.35,3
106,76,66,100,3,75.42,3
96,73,48,100,3,47.11,3
109,93,69,100,3,61.05,3
71,65,98,100,3,10.0,0
106,52,106,100,3,37.88,0
66,95,63,100,3,64.19,3
89,84,42,100,3,78.58,3
69,41,125,100,3,33.49,2
74,100,99,100,3,10.0,0
112,82,131,100,3,37.29,0
90,93,65,100,3,17.06,3
114,58,104,100,3,31.58,0
119,107,59,100,3,10.0,3
85,42,43,100,3,59.29,6
64,78,85,100,3,22.73,0
85,48,139,100,3,49.09,2
77,108,106,100,3,90.0,0
79,82,107,100,3,90.0,0
107,70,105,100,3,57.5,0
103,57,113,100,3,34.01,0
105,102,136,100,3,13.67,0
76,108,93,100,3,90.0,3
92,62,130,100,3,10.0,0
83,86,43,100,3,11.52,3
93,46,103,100,3,12.64,2
100,65,71,100,3,35.74,3
83,96,78,100,3,53.34,3
78,100,68,100,3,19.6,3
105,109,44,100,3,79.39,3
105,100,90,100,3,70.78,3
93,82,103,100,3,82.74,0
96,46,49,100,3,10.0,6
77,82,80,100,3,80.79,3
64,75,56,100,3,29.93,3
85,92,118,100,3,53.8,0
80,64,130,100,3,90.0,0
116,56,135,100,3,90.0,0
98,69,123,100,3,10.0,0
99,105,86,100,3,25.55,3
68,70,124,100,3,45.4,0
95,108,115,100,3,79.07,0
73,96,89,100,3,90.0,3
113,96,50,100,3,22.74,3
98,59,61,100,3,68.78,3
83,97,111,100,3,78.61,0
86,90,84,100,3,82.78,3
68,91,40,100,3,19.12,3
79,42,118,100,3,37.94,2
92,85,85,100,3,35.88,3
113,69,115,100,3,10.0,0
64,53,88,100,3,10.82,0
93,42,112,100,3,31.96,2
83,84,95,100,3,10.0,0
109,41,68,100,3,77.12,6
99,88,118,100,3,90.0,0
80,55,127,100,3,10.0,0
76,108,91,100,3,73.58,3
100,90,106,100,3,10.0,0
91,102,94,100,3,77.61,3
117,62,77,100,3,72.16,3
115,60,99,100,3,10.0,0
75,74,99,100,3,18.74,0
95,106,96,100,3,90.0,3
117,71,99,100,3,42.46,3
64,43,52,100,3,84.24,6
74,45,88,100,3,90.0,2
64,103,79,100,3,38.77,3
111,84,46,100,3,90.0,3
92,82,52,100,3,52.82,3
63,51,78,100,3,38.55,0
99,41,52,100,3,10.0,6
113,64,43,100,3,10.0,3
67,57,120,100,3,39.26,0
114,83,128,100,3,49.74,0
84,52,72,100,3,34.96,3
119,85,80,100,3,10.0,3
118,85,43,100,3,10.0,3
110,103,55,100,3,90.0,3
93,41,55,100,3,10.0,6
101,103,111,100,3,19.68,0
71,40,111,100,3,90.0,2
78,50,97,100,3,19.98,0
66,89,66,100,3,33.74,3
64,79,46,100,3,10.0,3
83,61,82,100,3,54.23,0
83,87,130,100,3,49.67,0
88,52,87,100,3,16.27,0
66,83,90,100,3,51.63,0
78,79,60,100,3,47.37,3
62,86,102,100,3,75.58,0
114,86,132,100,3,66.97,0
62,96,122,100,3,71.25,1
96,105,71,100,3,90.0,3
111,108,52,100,3,41.7,3
101,88,132,100,3,15.74,0
96,80,110,100,3,22.97,0
91,48,70,100,3,75.35,6
60,70,92,100,3,41.37,0
88,59,113,100,3,50.96,0
102,68,82,100,3,18.35,3
69,85,53,100,3,64.66,3
105,48,137,100,3,90.0,2
79,54,42,100,3,11.27,3
107,49,102,100,3,32.98,2
69,62,84,100,3,81.83,0
106,93,60,100,3,79.44,3
75,93,130,100,3,60.19,0
99,54,69,100,3,52.37,3
68,55,139,100,3,66.98,0
117,90,127,100,3,48.44,0
97,88,117,100,3,10.76,0
99,107,101,100,3,37.01,3
96,106,103,100,3,63.06,3
64,46,107,100,3,13.96,2
72,70,130,100,3,30.43,0
108,73,75,100,3,40.63,3
90,69,135,100,3,48.35,0
114,104,133,100,3,90.0,0
104,80,127,100,3,40.71,0
61,76,131,100,3,60.18,1
68,100,119,100,3,44.97,0
109,68,54,100,3,87.61,3
119,50,43,100,3,21.38,3
102,68,116,100,3,48.81,0
87,43,93,100,3,16.91,2
118,92,124,100,3,79.33,0
87,67,81,100,3,10.0,3
92,65,83,100,3,42.19,3
83,41,118,100,3,90.0,2
110,98,52,100,3,68.64,3
100,76,122,100,3,10.0,0
97,104,114,100,3,38.67,0
75,62,94,100,3,58.03,0
74,41,47,100,3,10.0,6
78,93,118,100,3,63.88,0
77,40,111,100,3,25.29,2
92,55,126,100,3,85.39,0
95,109,131,100,3,30.29,0
105,83,46,100,3,50.86,3
90,72,126,100,3,57.55,0
85,56,65,100,3,76.85,3
71,64,94,100,3,10.0,0
67,74,114,100,3,87.65,0
61,108,138,100,3,79.66,1
97,101,117,100,3,62.27,0
78,92,103,100,3,86.9,0
110,107,117,100,3,10.0,0
108,47,69,100,3,10.0,6
96,72,47,100,3,56.19,3
98,92,82,100,3,50.77,3
87,74,104,100,3,90.0,0
119,52,100,100,3,16.06,0
92,43,90,100,3,21.95,2
87,103,134,100,3,60.68,0
87,85,99,100,3,52.3,0
98,51,85,100,3,34.07,0
106,97,92,100,3,53.45,3
118,71,132,100,3,72.69,0
79,42,59,100,3,70.26,6
64,55,122,100,3,48.28,0
107,60,79,100,3,10.0,3
116,95,59,100,3,51.01,3
104,47,44,100,3,90.0,6
100,42,71,100,3,10.0,6
72,70,60,100,3,69.41,3
99,91,82,100,3,90.0,3
106,73,112,100,3,90.0,0
100,50,50,100,3,82.9,3
95,67,82,100,3,36.59,3
63,65,84,100,3,63.21,0
64,71,61,100,3,10.0,3
104,54,48,100,3,20.67,3
99,50,95,100,3,67.93,0
105,47,75,100,3,10.0,6
107,89,135,100,3,33.35,0
114,48,107,100,3,90.0,2
111,79,49,100,3,53.7,3
86,84,85,100,3,10.0,3
63,41,86,100,3,70.41,2
83,65,88,100,3,10.0,0
95,104,61,100,3,38.47,3
79,84,130,100,3,41.7,0
90,49,113,100,3,63.43,2
107,43,79,100,3,10.0,6
66,50,87,100,3,56.95,0
105,86,45,100,3,36.57,3
103,84,118,100,3,36.3,0
92,88,56,100,3,35.66,3
91,62,59,100,3,69.41,3
60,48,89,100,3,13.53,2
109,96,106,100,3,40.64,3
97,105,56,100,3,61.16,3
109,90,93,100,3,67.78,3
115,60,42,100,3,88.64,3
65,64,49,100,3,38.98,3
118,105,79,100,3,21.74,3
70,104,111,100,3,57.76,0
77,48,88,100,3,10.0,2
117,76,136,100,3,87.46,0
117,62,127,100,3,51.22,0
118,101,88,100,3,35.76,3
101,92,79,100,3,43.05,3
62,93,81,100,3,11.05,3
60,50,52,100,3,31.6,3
62,50,116,100,3,17.5,0
84,92,139,100,3,33.79,0
104,99,116,100,3,65.59,0
84,84,112,100,3,72.75,0
101,88,73,100,3,65.01,3
115,82,69,100,3,59.19,3
102,56,88,100,3,17.32,0
116,86,72,100,3,28.91,3
115,76,114,100,3,17.32,0
86,56,128,100,3,10.0,0
111,47,93,100,3,18.52,2
92,49,133,100,3,10.0,2
106,97,104,100,3,10.0,3
117,109,108,100,3,67.91,3
118,46,127,100,3,60.78,2
84,75,56,100,3,42.48,3
77,56,120,100,3,30.95,0
106,104,109,100,3,53.54,3
113,95,84,100,3,21.22,3
78,43,106,100,3,36.8,2
75,87,96,100,3,40.42,0
63,43,55,100,3,85.47,6
65,64,91,100,3,82.88,0
70,41,131,100,3,68.68,2
95,45,44,100,3,10.0,6
93,76,86,100,3,90.0,3
62,62,133,100,3,10.0,0
109,45,122,100,3,52.3,2
92,93,75,100,3,56.41,3
85,54,133,100,3,15.31,0
113,77,129,100,3,16.85,0
84,90,56,100,3,86.61,3
64,106,114,100,3,18.83,1
65,91,63,100,3,48.94,3
61,98,107,100,3,67.7,1
89,106,44,100,3,89.18,3
118,56,85,100,3,40.78,3
87,60,47,100,3,21.97,3
113,85,95,100,3,11.43,3
69,66,130,100,3,10.0,0
93,41,40,100,3,87.69,6
76,50,123,100,3,60.33,0
78,57,68,100,3,90.0,3
83,53,135,100,3,36.43,0
77,55,98,100,3,11.23,0
76,89,110,100,3,31.28,0
118,75,40,100,3,61.14,3
97,42,135,100,3,24.01,2
106,53,61,100,3,10.0,3
60,48,88,100,3,90.0,2
73,55,119,100,3,17.2,0
86,60,103,100,3,67.38,0
119,60,54,100,3,25.3,3
113,58,61,100,3,76.31,3
70,47,101,100,3,79.83,2
102,42,127,100,3,19.04,2
89,40,127,100,3,23.26,2
85,87,103,100,3,18.88,0
61,104,51,100,3,24.27,3
99,82,79,100,3,90.0,3
119,82,44,100,3,11.71,3
66,68,72,100,3,62.25,3
89,77,99,100,3,78.04,0
107,49,105,100,3,43.25,2
87,49,103,100,3,65.42,2
97,72,65,100,3,29.02,3
60,71,82,100,3,30.54,0
85,95,123,100,3,14.99,0
88,83,119,100,3,10.0,0
83,98,49,100,3,20.04,3
62,108,118,100,3,85.86,1
62,102,114,100,3,23.74,1
75,103,60,100,3,43.32,3
87,67,113,100,3,43.69,0
66,99,45,100,3,66.29,3
93,87,123,100,3,83.94,0
69,66,48,100,3,82.71,3
101,69,55,100,3,90.0,3
60,41,98,100,3,19.47,2
87,78,119,100,3,25.61,0
113,75,124,100,3,14.33,0
89,64,50,100,3,29.59,3
73,73,78,100,3,83.23,3
113,42,114,100,3,26.41,2
77,102,103,100,3,44.22,0
86,103,51,100,3,89.15,3
60,93,75,100,3,10.0,3
62,88,74,100,3,10.0,3
104,84,119,100,3,37.22,0
88,77,83,100,3,58.04,3
114,56,137,100,3,76.22,0
60,79,49,100,3,90.0,3
67,86,122,100,3,19.4,0
80,98,135,100,3,10.0,0
60,76,73,100,3,90.0,3
81,41,89,100,3,52.07,2
104,105,70,100,3,89.41,3
94,72,110,100,3,58.15,0
90,72,103,100,3,41.94,0
86,50,53,100,3,57.1,3
79,70,48,100,3,90.0,3
113,103,111,100,3,10.0,3
97,75,74,100,3,10.0,3
100,42,64,100,3,22.76,6
111,75,43,100,3,59.94,3
77,94,61,100,3,31.06,3
104,88,85,100,3,29.03,3
64,103,43,100,3,65.98,3
76,81,129,100,3,90.0,0
78,77,83,100,3,37.77,3
116,70,95,100,3,10.0,3
74,73,139,100,3,25.22,0
79,53,79,100,3,77.21,0
118,61,105,100,3,44.42,0
107,70,58,100,3,60.99,3
115,52,127,100,3,45.36,0
73,91,136,100,3,27.6,0
68,69,51,100,3,51.33,3
99,85,73,100,3,10.0,3
106,50,133,100,3,30.79,0
108,64,131,100,3,64.78,0
70,83,75,100,3,38.77,3
97,107,123,100,3,54.47,0
83,52,139,100,3,20.8,0
83,92,117,100,3,90.0,0
106,82,70,100,3,41.45,3
117,75,95,100,3,90.0,3
119,75,115,100,3,10.0,0
107,63,53,100,3,49.25,3
61,91,125,100,3,72.13,1
82,101,81,100,3,88.94,3
88,108,43,100,3,65.84,3
89,90,70,100,3,36.6,3
69,78,66,100,3,10.0,3
76,109,90,100,3,90.0,3
74,54,75,100,3,78.99,0
87,95,91,100,3,72.32,3
115,101,110,100,3,23.4,3
72,83,105,100,3,90.0,0
62,91,72,100,3,10.56,3
76,64,122,100,3,78.11,0
101,91,73,100,3,28.2,3
100,99,121,100,3,23.95,0
99,83,41,100,3,10.69,3
61,45,113,100,3,79.26,2
107,65,95,100,3,27.68,0
101,108,108,100,3,64.7,3
86,69,79,100,3,61.18,3
103,80,137,100,3,49.18,0
103,97,48,100,3,86.9,3
84,65,46,100,3,64.14,3
89,81,48,100,3,10.0,3
77,108,81,100,3,81.95,3
104,105,85,100,3,68.49,3
96,98,127,100,3,19.27,0
99,78,104,100,3,75.01,0
110,42,47,100,3,83.53,6
97,90,56,100,3,80.96,3
79,41,53,100,3,10.0,6
119,86,117,100,3,58.68,0
101,54,84,100,3,60.41,0
114,57,138,100,3,24.3,0
117,106,61,100,3,90.0,3
74,43,87,100,3,83.06,2
98,55,72,100,3,28.02,3
118,83,131,100,3,68.04,0
105,92,113,100,3,29.84,0
69,57,65,100,3,90.0,3
84,67,118,100,3,40.97,0
71,80,91,100,3,45.58,0
76,60,107,100,3,85.53,0
107,103,117,100,3,88.14,0
81,56,58,100,3,10.0,3
103,69,52,100,3,49.51,3
73,109,73,100,3,90.0,3
82,47,79,100,3,85.16,2
113,90,103,100,3,32.75,3
84,77,98,100,3,52.33,0
71,104,57,100,3,40.24,3
79,85,69,100,3,54.18,3
89,51,105,100,3,10.0,0
107,60,112,100,3,17.48,0
88,60,134,100,3,10.0,0
84,68,81,100,3,10.0,3
112,95,125,100,3,27.13,0
114,58,73,100,3,90.0,3
94,107,129,100,3,10.0,0
70,41,94,100,3,52.68,2
90,109,65,100,3,90.0,3
103,59,40,100,3,10.0,3
109,59,44,100,3,42.97,3
110,84,89,100,3,54.11,3
63,90,91,100,3,90.0,0
101,43,114,100,3,57.17,2
111,59,65,100,3,81.68,3
69,93,73,100,3,28.11,3
110,50,44,100,3,90.0,3
98,101,66,100,3,46.7,3
115,57,90,100,3,90.0,3
114,101,87,100,3,28.52,3
87,94,133,100,3,10.0,0
64,93,82,100,3,90.0,3
61,55,116,100,3,89.71,0
90,77,96,100,3,48.45,0
109,90,43,100,3,10.0,3
87,78,79,100,3,58.86,3
83,51,70,100,3,38.45,3
85,94,126,100,3,23.84,0
78,93,50,100,3,10.0,3
86,101,73,100,3,82.31,3
80,104,56,100,3,10.0,3
65,87,105,100,3,37.36,0
116,93,78,100,3,19.44,3
72,81,55,100,3,70.46,3
104,81,74,100,3,50.0,3
75,65,128,100,3,79.12,0
74,85,120,100,3,14.54,0
90,65,112,100,3,79.55,0
68,55,106,100,3,45.17,0
111,92,82,100,3,58.22,3
93,76,118,100,3,90.0,0
86,68,47,100,3,58.79,3
106,80,96,100,3,21.56,3
72,81,82,100,3,47.11,3
111,85,125,100,3,69.53,0
107,50,109,100,3,55.47,0
62,70,41,100,3,22.58,3
108,48,114,100,3,33.19,2
79,44,72,100,3,88.92,2
64,64,112,100,3,46.88,0
119,57,46,100,3,80.14,3
74,47,49,100,3,10.0,6
118,49,90,100,3,26.14,2
95,41,87,100,3,90.0,2
67,71,69,100,3,75.19,3
73,65,116,100,3,90.0,0
60,96,58,100,3,63.0,3
99,81,67,100,3,17.73,3
67,94,60,100,3,90.0,3
117,45,108,100,3,83.48,2
95,47,51,100,3,73.27,6
62,83,120,100,3,37.6,0
99,81,79,100,3,10.0,3
70,42,44,100,3,17.73,6
82,62,89,100,3,79.92,0
89,46,87,100,3,29.0,2
106,84,119,100,3,44.37,0
68,60,132,100,3,50.84,0
95,91,125,100,3,10.0,0
116,83,126,100,3,41.19,0
60,107,47,100,3,86.29,3
91,55,139,100,3,83.52,0
66,85,121,100,3,10.0,0
97,92,45,100,3,90.0,3
76,40,99,100,3,86.22,2
69,91,97,100,3,34.69,0
90,46,56,100,3,77.58,6
81,86,64,100,3,17.39,3
88,90,73,100,3,58.41,3
93,64,122,100,3,51.77,0
67,42,52,100,3,87.15,6
74,81,120,100,3,90.0,0
108,94,103,100,3,24.08,3
114,69,49,100,3,90.0,3
75,71,74,100,3,35.99,3
86,84,95,100,3,46.25,0
71,95,136,100,3,48.16,0
74,50,129,100,3,70.04,0
101,44,65,100,3,24.4,6
116,101,98,100,3,59.95,3
76,87,71,100,3,84.89,3
102,105,76,100,3,90.0,3
84,79,135,100,3,65.75,0
62,66,116,100,3,39.2,0
91,43,52,100,3,77.98,6
110,98,122,100,3,25.78,0
64,57,79,100,3,89.14,0
103,50,114,100,3,52.81,0
111,65,110,100,3,46.34,0
69,71,100,100,3,17.9,0
85,81,65,100,3,88.22,3
119,104,47,100,3,90.0,3
93,77,48,100,3,46.64,3
87,72,88,100,3,84.94,0
70,52,77,100,3,42.84,0
110,80,85,100,3,90.0,3
99,72,41,100,3,50.94,3
90,95,107,100,3,60.93,0
106,85,111,100,3,84.39,0
86,64,63,100,3,53.22,3
92,74,139,100,3,52.29,0
77,79,127,100,3,90.0,0
89,70,42,100,3,32.31,3
104,94,121,100,3,10.0,0
89,91,55,100,3,38.66,3
116,87,54,100,3,37.29,3
98,75,115,100,3,25.16,0
100,105,57,100,3,10.0,3
65,42,93,100,3,10.0,2
93,49,72,100,3,50.74,6
92,48,95,100,3,10.0,2
70,100,101,100,3,64.09,0
110,87,77,100,3,27.24,3
101,41,44,100,3,10.0,6
102,44,55,100,3,90.0,6
119,109,110,100,3,10.0,3
110,64,110,100,3,11.5,0
114,77,97,100,3,79.46,3
74,45,126,100,3,59.04,2
87,91,57,100,3,87.72,3
108,68,120,100,3,25.28,0
71,107,107,100,3,22.26,0
111,53,104,100,3,11.91,0
67,77,134,100,3,55.86,0
72,104,71,100,3,37.0,3
92,51,71,100,3,15.64,3
114,100,59,100,3,90.0,3
115,99,117,100,3,88.1,0
71,69,85,100,3,18.22,0
119,78,134,100,3,55.81,0
86,57,107,100,3,19.72,0
111,49,94,100,3,90.0,2
65,65,130,100,3,88.51,0
102,77,109,100,3,63.17,0
115,67,94,100,3,60.24,3
107,94,94,100,3,16.63,3
68,79,104,100,3,49.03,0
81,91,116,100,3,10.0,0
66,109,85,100,3,57.54,3
84,81,88,100,3,90.0,3
100,43,45,100,3,54.21,6
97,100,53,100,3,58.91,3
89,66,135,100,3,45.06,0
73,90,115,100,3,36.02,0
95,86,84,100,3,90.0,3
65,69,136,100,3,38.25,0
112,107,119,100,3,86.79,0
113,87,72,100,3,56.83,3
73,75,79,100,3,10.77,3
97,91,91,100,3,86.63,3
90,96,91,100,3,79.14,3
92,54,99,100,3,57.71,0
62,70,132,100,3,90.0,0
112,89,72,100,3,71.38,3
73,48,110,100,3,90.0,2
114,99,50,100,3,52.3,3
119,60,131,100,3,42.67,0
90,93,124,100,3,25.08,0
60,54,132,100,3,10.0,0
69,68,116,100,3,56.25,0
78,80,85,100,3,37.22,3
107,75,112,100,3,90.0,0
76,43,42,100,3,52.48,6
103,77,132,100,3,13.0,0
101,94,85,100,3,40.78,3
75,75,80,100,3,62.5,3
81,86,84,100,3,90.0,3
81,73,57,100,3,50.15,3
114,46,114,100,3,10.0,2
103,76,46,100,3,90.0,3
87,69,42,100,3,46.92,3
106,59,128,100,3,57.38,0
85,107,70,100,3,24.06,3
64,92,68,100,3,84.9,3
84,74,102,100,3,82.89,0
68,106,131,100,3,28.4,1
113,57,126,100,3,32.01,0
83,88,52,100,3,48.24,3
87,95,108,100,3,90.0,0
100,81,59,100,3,14.43,3
97,94,129,100,3,10.0,0
88,62,90,100,3,33.26,0
102,73,63,100,3,10.0,3
107,57,137,100,3,24.22,0
90,47,82,100,3,31.59,2
93,86,85,100,3,64.88,3
73,76,54,100,3,90.0,3
111,108,131,100,3,90.0,0
100,67,124,100,3,54.95,0
82,60,56,100,3,54.05,3
77,46,77,100,3,61.39,2
102,86,67,100,3,90.0,3
63,63,127,100,3,80.08,0
99,97,64,100,3,86.36,3
80,79,47,100,3,90.0,3
62,55,59,100,3,38.09,3
91,52,135,100,3,90.0,0
75,66,90,100,3,85.17,0
69,45,107,100,3,90.0,2
78,109,86,100,3,23.54,3
96,96,78,100,3,11.66,3
83,53,98,100,3,88.13,0
77,93,89,100,3,38.44,3
79,104,108,100,3,38.04,0
63,58,104,100,3,71.88,0
97,99,138,100,3,41.15,0
69,68,75,100,3,56.68,0
63,45,90,100,3,89.25,2
114,85,119,100,3,10.0,0
66,86,114,100,3,32.14,0
76,100,128,100,3,10.0,0
100,65,104,105,3,84.91,0
103,69,132,105,3,20.59,0
83,54,79,105,3,57.95,0
90,107,86,105,3,10.0,3
96,89,71,105,3,31.31,3
86,107,80,105,3,85.3,3
85,79,55,105,3,90.0,3
95,80,110,105,3,87.45,0
104,81,91,105,3,28.73,3
93,68,104,105,3,90.0,0
108,50,90,105,3,52.18,0
92,105,123,105,3,44.7,0
64,58,79,105,3,18.77,0
93,100,115,105,3,55.35,0
74,43,124,105,3,90.0,2
84,93,99,105,3,78.13,0
109,45,122,105,3,90.0,2
67,102,60,105,3,10.0,3
105,98,92,105,3,36.16,3
110,102,128,105,3,90.0,0
96,91,75,105,3,90.0,3
61,85,49,105,3,77.46,3
95,60,64,105,3,22.12,3
76,99,110,105,3,60.11,0
94,73,60,105,3,49.47,3
108,78,70,105,3,12.75,3
116,66,71,105,3,10.88,3
66,86,48,105,3,57.22,3
68,40,119,105,3,23.99,2
105,108,91,105,3,76.59,3
114,61,98,105,3,82.49,0
90,86,97,105,3,10.0,0
69,54,130,105,3,36.18,0
69,53,61,105,3,34.27,3
105,73,42,105,3,12.22,3
74,50,119,105,3,90.0,0
108,92,40,105,3,71.42,3
66,91,69,105,3,28.09,3
70,85,61,105,3,54.55,3
71,72,84,105,3,10.0,0
114,61,85,105,3,54.95,3
94,51,108,105,3,87.31,0
104,60,48,105,3,10.0,3
65,79,135,105,3,90.0,1
107,62,74,105,3,24.13,3
84,56,85,105,3,90.0,0
82,40,92,105,3,53.69,2
86,87,123,105,3,79.46,0
110,96,121,105,3,10.0,0
60,97,94,105,3,60.33,0
118,97,57,105,3,90.0,3
95,76,101,105,3,22.32,0
103,71,75,105,3,68.35,3
62,80,64,105,3,36.06,3
111,46,73,105,3,59.49,6
61,62,43,105,3,56.16,3
118,75,116,105,3,73.63,0
67,57,128,105,3,21.17,0
78,43,76,105,3,53.64,2
104,81,81,105,3,90.0,3
97,51,59,105,3,10.0,3
108,51,44,105,3,50.32,3
76,57,95,105,3,51.41,0
84,95,42,105,3,65.36,3
113,106,110,105,3,36.49,3
80,66,124,105,3,59.86,0
96,47,46,105,3,25.05,6
61,89,64,105,3,12.34,3
107,107,116,105,3,51.03,0
70,47,115,105,3,34.75,2
65,95,121,105,3,70.46,1
89,83,71,105,3,37.47,3
74,102,124,105,3,36.48,0
77,54,48,105,3,48.81,3
90,59,46,105,3,84.03,3
75,48,109,105,3,27.47,2
106,61,42,105,3,68.04,3
107,99,56,105,3,61.19,3
79,41,52,105,3,14.85,6
113,99,79,105,3,31.89,3
114,108,46,105,3,90.0,3
100,98,125,105,3,43.47,0
106,71,82,105,3,90.0,3
84,64,127,105,3,35.46,0
109,80,71,105,3,60.54,3
76,58,58,105,3,18.7,3
84,72,96,105,3,21.98,0
72,41,137,105,3,10.0,2
93,89,72,105,3,70.09,3
111,67,77,105,3,82.5,3
64,101,100,105,3,81.48,0
80,108,65,105,3,40.11,3
113,74,135,105,3,66.55,0
81,108,129,105,3,10.0,0
117,108,135,105,3,90.0,0
65,104,84,105,3,23.52,3
99,69,51,105,3,51.04,3
91,62,40,105,3,36.26,3
60,94,138,105,3,41.22,1
72,71,130,105,3,46.98,0
97,56,126,105,3,30.17,0
82,44,53,105,3,45.44,6
106,44,128,105,3,10.0,2
85,95,42,105,3,44.84,3
83,95,42,105,3,10.0,3
104,106,68,105,3,19.37,3
83,51,85,105,3,15.25,0
88,79,118,105,3,10.27,0
99,89,103,105,3,79.76,0
88,77,119,105,3,65.75,0
99,54,67,105,3,10.06,3
68,101,106,105,3,85.09,0
97,46,96,105,3,50.99,2
96,105,121,105,3,89.54,0
77,43,88,105,3,84.76,2
75,75,48,105,3,41.12,3
113,62,131,105,3,60.4,0
80,103,103,105,3,57.64,0
61,51,134,105,3,49.19,0
112,70,45,105,3,33.93,3
75,106,101,105,3,50.07,0
110,66,67,105,3,65.83,3
97,104,81,105,3,80.73,3
118,48,58,105,3,53.56,6
68,105,57,105,3,62.45,3
61,87,104,105,3,18.46,0
114,68,108,105,3,90.0,0
76,93,137,105,3,42.97,0
75,93,52,105,3,38.16,3
101,64,138,105,3,10.0,0
61,43,126,105,3,11.46,2
100,71,66,105,3,48.25,3
74,65,52,105,3,71.16,3
80,90,117,105,3,90.0,0
63,97,136,105,3,75.93,1
88,93,104,105,3,15.26,0
92,93,63,105,3,10.0,3
116,85,131,105,3,29.9,0
91,104,52,105,3,39.62,3
93,89,118,105,3,39.38,0
90,44,68,105,3,35.01,6
87,78,92,105,3,90.0,0
83,41,107,105,3,63.01,2
109,107,65,105,3,67.08,3
65,47,111,105,3,10.0,2
103,54,104,105,3,90.0,0
113,106,125,105,3,26.37,0
91,60,50,105,3,59.48,3
63,61,112,105,3,90.0,0
98,77,59,105,3,63.91,3
115,65,50,105,3,87.23,3
110,104,73,105,3,90.0,3
98,106,52,105,3,31.66,3
109,91,68,105,3,90.0,3
74,78,69,105,3,90.0,3
62,65,104,105,3,57.41,0
95,77,135,105,3,86.96,0
105,70,92,105,3,55.4,3
83,76,78,105,3,63.41,3
72,109,94,105,3,89.79,3
69,43,48,105,3,36.03,6
114,65,61,105,3,35.03,3
91,89,136,105,3,35.54,0
82,97,63,105,3,13.54,3
60,42,128,105,3,90.0,2
93,95,46,105,3,90.0,3
95,105,54,105,3,47.69,3
94,92,77,105,3,53.41,3
95,94,119,105,3,10.0,0
60,70,131,105,3,64.26,1
104,63,40,105,3,61.1,3
89,100,109,105,3,16.43,0
104,45,68,105,3,37.7,6
76,81,119,105,3,90.0,0
62,43,77,105,3,90.0,2
63,78,105,105,3,47.15,0
93,109,117,105,3,60.33,0
107,102,86,105,3,26.46,3
81,43,121,105,3,37.2,2
94,55,74,105,3,90.0,3
89,43,63,105,3,90.0,6
119,63,99,105,3,16.03,0
117,79,94,105,3,83.55,3
109,77,92,105,3,43.05,3
106,40,59,105,3,10.0,6
76,75,119,105,3,10.0,0
61,104,128,105,3,15.58,1
89,86,50,105,3,11.11,3
87,41,121,105,3,10.0,2
78,86,118,105,3,90.0,0
99,92,55,105,3,14.28,3
114,100,88,105,3,58.44,3
104,72,97,105,3,90.0,0
80,79,135,105,3,46.69,0
70,41,121,105,3,88.34,2
60,43,94,105,3,90.0,2
118,56,108,105,3,53.25,0
93,93,82,105,3,68.53,3
104,86,82,110,3,11.87,3
73,43,55,110,3,68.45,6
79,60,84,110,3,17.74,0
74,70,113,110,3,90.0,0
106,89,75,110,3,10.0,3
77,59,60,110,3,90.0,3
81,46,68,110,3,73.72,6
73,85,45,110,3,90.0,3
88,106,48,110,3,10.0,3
74,101,48,110,3,90.0,3
62,73,126,110,3,65.11,0
111,56,98,110,3,33.62,0
107,80,127,110,3,67.81,0
90,68,77,110,3,90.0,3
110,104,100,110,3,75.95,3
115,77,89,110,3,28.53,3
93,64,40,110,3,62.18,3
70,84,129,110,3,17.97,0
118,54,51,110,3,26.1,3
100,69,78,110,3,41.41,3
97,59,102,110,3,90.0,0
85,72,108,110,3,10.0,0
107,109,77,110,3,47.94,3
104,98,59,110,3,73.99,3
103,98,45,110,3,39.79,3
101,94,93,110,3,29.33,3
115,105,48,110,3,53.26,3
93,51,69,110,3,35.82,3
60,97,98,110,3,89.21,0
65,47,129,110,3,12.59,2
102,50,103,110,3,31.93,0
103,92,72,110,3,22.7,3
86,65,70,110,3,88.64,3
101,55,112,110,3,48.08,0
87,55,40,110,3,30.74,3
74,97,94,110,3,47.78,0
107,101,60,110,3,90.0,3
108,99,66,110,3,90.0,3
62,86,44,110,3,38.4,3
79,62,112,110,3,20.31,0
72,46,92,110,3,10.0,2
108,67,51,110,3,43.18,3
91,98,134,110,3,77.06,0
109,103,81,110,3,59.5,3
98,79,133,110,3,89.35,0
90,67,130,110,3,58.62,0
114,89,120,110,3,15.98,0
103,56,60,110,3,60.99,3
61,54,119,110,3,90.0,0
118,63,115,110,3,83.42,0
93,75,132,110,3,33.04,0
99,69,91,110,3,30.88,0
109,85,115,110,3,80.21,0
76,65,52,110,3,18.99,3
118,89,95,110,3,71.92,3
104,85,102,110,3,44.44,0
110,70,136,110,3,69.24,0
72,48,51,110,3,30.69,6
87,44,106,110,3,62.44,2
82,51,113,110,3,23.82,0
106,86,84,110,3,51.66,3
106,88,50,110,3,35.98,3
72,102,125,110,3,10.0,0
97,78,75,110,3,56.47,3
111,68,52,110,3,44.94,3
73,64,53,110,3,81.1,3
114,97,87,110,3,30.66,3
67,102,81,110,3,78.74,3
95,41,57,110,3,31.01,6
104,73,75,110,3,10.0,3
82,65,78,110,3,10.0,3
103,99,99,110,3,19.82,3
80,61,75,110,3,46.09,3
92,51,138,110,3,16.28,0
111,44,133,110,3,54.23,2
110,76,79,110,3,62.32,3
91,89,89,110,3,29.77,3
113,46,96,110,3,79.28,2
78,61,133,110,3,90.0,0
99,60,125,110,3,63.41,0
119,105,50,110,3,65.95,3
111,90,115,110,3,87.96,0
70,71,111,110,3,14.54,0
70,76,61,110,3,33.19,3
98,82,48,110,3,90.0,3
88,85,123,110,3,45.99,0
118,50,54,110,3,84.63,3
93,78,82,110,3,48.88,3
91,89,63,110,3,22.88,3
88,108,68,110,3,58.7,3
76,80,66,110,3,40.32,3
101,87,130,110,3,45.36,0
109,94,115,110,3,42.25,0
77,90,56,110,3,52.2,3
76,105,99,110,3,83.31,0
86,88,88,110,3,75.85,3
73,49,86,110,3,10.59,2
63,87,66,110,3,26.18,3
66,48,40,110,3,10.0,6
77,61,88,115,3,90.0,0
68,70,99,115,3,68.35,0
88,68,84,115,3,10.0,0
83,77,76,115,3,56.07,3
99,102,74,115,3,39.57,3
86,61,70,115,3,43.03,3
87,108,130,115,3,85.94,0
94,109,78,115,3,26.89,3
91,46,93,115,3,90.0,2
90,52,63,115,3,46.21,3
101,91,111,115,3,44.74,0
91,100,112,115,3,79.83,0
82,43,61,115,3,24.96,6
71,104,93,115,3,10.38,3
96,42,93,115,3,10.0,2
79,95,115,115,3,90.0,0
99,80,103,115,3,69.04,0
111,47,120,115,3,10.0,2
90,78,134,115,3,90.0,0
83,65,70,115,3,72.81,3
63,72,134,115,3,46.67,0
119,85,98,115,3,25.98,3
79,53,106,115,3,77.21,0
113,101,48,115,3,69.98,3
93,65,87,115,3,80.56,0
119,93,131,115,3,55.7,0
65,85,69,115,3,49.57,3
103,107,118,115,3,10.08,0
86,85,90,115,3,22.93,3
111,79,93,115,3,28.47,3
110,76,84,120,3,42.74,3
105,57,130,120,3,67.15,0
81,70,90,120,3,90.0,0
118,74,100,120,3,74.13,3
107,44,80,120,3,80.54,6
61,95,113,120,3,77.22,1
63,98,79,120,3,77.33,3
103,67,119,120,3,56.95,0
77,67,93,120,3,61.94,0
73,62,65,120,3,66.3,3
108,50,94,120,3,11.88,0
94,67,131,120,3,79.74,0
66,75,103,120,3,83.65,0
76,40,119,120,3,90.0,2
74,107,69,120,3,10.0,3
104,93,137,120,3,80.58,0
91,81,112,120,3,42.78,0
97,67,131,120,3,62.64,0
85,87,106,120,3,44.48,0
90,44,56,120,3,35.75,6
93,58,45,120,3,15.99,3
78,46,56,120,3,49.28,6
60,83,99,120,3,67.29,0
103,48,117,120,3,81.9,2
82,57,102,120,3,39.32,0
111,91,120,120,3,86.81,0
99,40,103,120,3,14.42,2
96,77,98,120,3,90.0,0
62,70,128,120,3,15.47,0
77,92,110,120,3,78.09,0
110,47,47,120,3,51.22,6
71,100,84,120,3,26.95,3
61,47,94,120,3,21.58,2
70,46,124,120,3,59.83,2
68,80,65,120,3,50.06,3
107,46,102,120,3,90.0,2
93,109,127,120,3,65.61,0
111,46,95,125,3,73.85,2
95,62,120,125,3,61.0,0
93,90,66,125,3,69.92,3
73,80,78,125,3,84.04,3
67,47,124,125,3,10.0,2
110,75,97,125,3,57.08,3
102,58,138,125,3,36.22,0
106,88,52,125,3,10.0,3
103,55,92,125,3,42.76,0
104,51,90,125,3,87.31,0
91,108,71,125,3,21.14,3
102,105,105,125,3,22.53,3
116,59,109,125,3,59.55,0
80,109,139,125,3,46.07,0
85,85,85,125,3,57.52,3
112,79,49,125,3,77.59,3
92,108,90,125,3,23.71,3
60,61,83,125,3,25.56,0
61,68,129,125,3,35.3,0
106,89,60,125,3,54.44,3
63,64,83,125,3,53.53,0
62,51,130,125,3,70.17,0
71,84,97,125,3,73.44,0
106,54,124,125,3,15.1,0
116,59,139,125,3,14.06,0
96,80,101,125,3,90.0,0
85,100,102,125,3,28.04,0
84,90,92,125,3,67.02,3
66,92,106,125,3,10.0,0
102,96,116,125,3,75.8,0
113,90,57,125,3,66.47,3
111,79,61,125,3,25.27,3
96,79,78,125,3,90.0,3
116,99,139,125,3,29.2,0
89,83,40,125,3,32.54,3
82,77,115,125,3,69.61,0
106,47,119,125,3,28.73,2
98,96,90,125,3,10.0,3
96,82,69,125,3,19.61,3
73,58,131,125,3,48.22,0
100,89,89,125,3,86.77,3
87,97,44,125,3,10.77,3
105,67,98,125,3,51.03,0
103,107,41,125,3,59.22,3
77,40,122,125,3,45.23,2
114,51,54,125,3,78.66,3
105,108,110,125,3,66.39,3
68,103,74,125,3,26.45,3
75,66,106,125,3,43.66,0
68,106,71,125,3,23.77,3
62,94,41,125,3,23.81,3
84,86,97,125,3,24.64,0
74,95,96,125,3,85.59,0
75,95,52,125,3,34.98,3
102,94,84,125,3,51.99,3
111,54,138,125,3,90.0,0
74,70,67,125,3,16.5,3
71,46,121,125,3,78.04,2
108,53,139,125,3,90.0,0
116,59,119,125,3,35.66,0
106,81,131,125,3,82.8,0
102,103,76,125,3,90.0,3
89,61,53,125,3,10.0,3
87,109,53,125,3,85.16,3
88,75,80,125,3,48.0,3
85,55,128,125,3,63.28,0
105,78,115,125,3,90.0,0
64,75,71,125,3,68.57,3
101,46,64,125,3,64.96,6
76,100,62,125,3,50.66,3
108,61,92,125,3,29.33,0
113,85,93,125,3,10.0,3
70,89,74,125,3,48.15,3
72,69,69,125,3,10.0,3
98,101,122,125,3,47.26,0
111,71,119,125,3,40.64,0
72,73,114,125,3,86.11,0
116,56,78,125,3,42.92,3
68,48,114,125,3,73.95,2
84,79,118,125,3,72.61,0
115,90,128,125,3,56.62,0
118,52,106,125,3,34.63,0
89,67,118,125,3,38.27,0
103,82,135,125,3,69.38,0
102,108,130,125,3,90.0,0
104,84,68,125,3,75.61,3
112,108,70,125,3,54.72,3
98,103,61,125,3,10.0,3
110,82,135,125,3,38.97,0
82,62,121,125,3,12.25,0
88,96,62,125,3,40.6,3
87,58,45,125,3,55.69,3
111,50,68,125,3,67.15,3
76,71,53,125,3,10.0,3
61,100,123,125,3,52.18,1
84,47,90,125,3,64.09,2
113,78,105,125,3,10.0,0
97,105,40,125,3,18.82,3
84,49,63,125,3,41.13,6
63,82,117,125,3,43.4,0
115,107,73,125,3,50.27,3
98,47,115,125,3,90.0,2
103,43,115,125,3,31.25,2
91,57,97,125,3,62.46,0
91,57,53,125,3,90.0,3
98,44,107,125,3,27.4,2
78,51,46,125,3,87.08,3
73,48,102,125,3,20.21,2
90,105,64,125,3,74.05,3
64,75,131,125,3,41.36,0
69,108,93,125,3,43.03,3
89,90,133,125,3,82.33,0
86,62,121,125,3,56.1,0
110,62,54,125,3,18.1,3
95,54,133,125,3,10.0,0
95,75,72,125,3,90.0,3
91,109,93,125,3,85.35,3
72,53,45,130,3,38.26,3
77,43,52,130,3,90.0,6
68,81,117,130,3,24.2,0
88,90,55,130,3,41.7,3
75,98,74,130,3,32.72,3
88,82,115,130,3,37.58,0
100,49,88,130,3,40.1,2
112,90,83,130,3,89.77,3
94,72,40,130,3,76.49,3
80,80,106,130,3,53.62,0
78,105,121,130,3,66.57,0
107,109,58,130,3,21.7,3
60,95,131,130,3,32.48,1
107,85,69,130,3,68.86,3
79,75,44,130,3,10.0,3
72,61,131,130,3,35.58,0
81,92,121,130,3,15.34,0
