nitrogen,fosfor,kalium,plant_age,fase,ec,soil_moisture,recommendation
91,190,102,64,2,17.5,82.5,10
93,187,101,64,2,17.5,80.5,10
91,190,101,64,2,17.5,77.9,10
94,188,103,64,2,17.5,78.2,10
93,189,100,64,2,17.58,75.1,10
92,186,103,64,2,17.5,76.5,10
94,186,102,64,2,17.57,76.8,10
94,187,103,64,2,17.54,72.7,10
93,189,103,64,2,17.6,72.1,10
93,186,101,64,2,17.62,69.6,10
92,187,101,64,2,17.61,71.6,10
92,186,103,64,2,17.5,69.9,10
91,188,102,64,2,17.6,69.1,10
91,187,101,64,2,17.57,67.0,10
91,187,102,64,2,17.73,65.9,10
92,186,102,64,2,17.64,64.9,10
94,186,102,64,2,17.65,66.4,10
92,185,102,64,2,17.61,64.4,10
94,187,101,64,2,17.6,64.8,10
93,189,101,64,2,17.77,65.6,10
92,186,102,64,2,17.6,63.2,10
93,186,102,64,2,17.53,63.8,10
92,188,101,64,2,17.5,64.0,10
93,186,101,64,2,17.61,62.7,10
95,187,103,64,2,17.77,62.7,10
92,187,101,64,2,17.61,62.4,10
92,186,101,64,2,17.72,63.1,10
93,187,102,64,2,17.5,62.8,10
93,189,102,64,2,17.57,62.2,10
93,187,103,64,2,17.53,60.9,10
91,188,103,64,2,17.56,60.8,10
93,187,102,64,2,17.65,59.7,10
94,188,102,64,2,17.72,60.0,10
93,187,103,64,2,17.58,61.2,10
0,0,0,64,2,0.0,0.0,7
94,189,103,64,2,17.79,90.1,10
92,187,104,64,2,17.76,90.4,10
92,188,102,64,2,17.53,91.0,10
92,187,102,64,2,17.5,86.9,10
94,186,101,64,2,17.5,84.1,10
91,188,102,64,2,17.5,86.1,10
94,187,103,64,2,17.5,83.3,10
93,186,101,64,2,17.56,82.7,10
93,185,102,64,2,17.5,81.8,10
92,189,102,64,2,17.6,80.6,10
92,186,102,64,2,17.5,77.9,10
93,189,102,64,2,17.54,77.1,10
93,187,102,64,2,17.63,79.1,10
92,187,101,64,2,17.62,76.8,10
92,187,102,64,2,17.63,75.2,10
92,186,100,64,2,17.56,74.6,10
92,187,102,64,2,17.68,74.0,10
92,186,101,64,2,17.57,75.1,10
92,187,103,64,2,17.57,71.5,10
93,185,101,64,2,17.71,73.1,10
93,186,103,64,2,17.73,72.4,10
91,185,102,64,2,17.64,71.0,10
91,187,102,64,2,17.67,70.5,10
91,185,101,64,2,17.75,70.5,10
92,185,101,64,2,17.69,69.2,10
92,183,101,64,2,17.64,69.1,10
91,186,102,64,2,17.59,70.2,10
92,183,101,64,2,17.8,68.2,10
92,185,102,64,2,17.79,68.5,10
91,187,101,64,2,17.78,67.3,10
92,186,101,64,2,17.59,67.5,10
92,185,101,64,2,17.63,66.6,10
93,186,101,64,2,17.68,66.2,10
93,185,100,64,2,17.76,65.5,10
0,0,0,64,2,0.0,0.0,7
92,186,100,64,2,17.85,64.9,10
92,184,100,64,2,17.86,65.7,10
91,185,98,64,2,17.96,66.2,10
93,185,100,64,2,17.93,65.2,10
93,186,100,64,2,17.81,63.9,10
92,187,98,64,2,17.83,64.7,10
92,186,101,64,2,17.89,64.3,10
91,187,99,64,2,18.01,64.0,10
91,187,101,64,2,17.84,63.0,10
92,186,100,64,2,17.92,62.5,10
91,186,100,64,2,18.03,61.8,10
91,185,100,64,2,18.03,62.7,10
91,187,99,64,2,17.88,62.2,10
91,186,99,64,2,18.04,62.9,10
93,186,99,64,2,17.94,61.8,10
91,187,100,64,2,17.92,62.3,10
91,184,99,64,2,17.91,60.9,10
92,187,100,64,2,18.03,60.6,10
92,185,99,64,2,18.15,62.5,10
91,185,100,64,2,18.01,62.4,10
92,184,99,64,2,18.07,60.3,10
91,186,99,64,2,18.0,60.6,10
91,185,99,64,2,17.98,60.4,10
91,185,99,64,2,18.14,61.8,10
92,186,99,64,2,18.06,60.8,10
92,188,99,64,2,17.93,61.2,10
91,187,99,64,2,17.94,60.8,10
91,185,101,64,2,18.0,60.7,10
92,185,99,64,2,17.95,61.0,10
90,186,99,64,2,17.95,58.9,10
90,186,99,64,2,18.07,60.8,10
90,186,97,64,2,18.03,59.6,10
91,186,99,64,2,18.13,60.2,10
92,185,98,64,2,18.18,61.0,10
91,185,99,64,2,18.05,61.0,10
92,186,99,64,2,18.05,61.2,10
91,187,97,64,2,18.16,61.0,10
91,185,98,64,2,18.11,59.1,10
92,187,100,64,2,18.19,59.7,10
91,185,98,64,2,18.21,60.9,10
90,187,98,64,2,18.15,59.8,10
89,185,100,64,2,18.18,61.0,10
93,185,99,64,2,18.22,59.1,10
90,185,99,64,2,18.24,58.9,10
91,184,99,64,2,18.15,60.4,10
91,185,98,64,2,18.08,58.1,10
91,186,99,64,2,18.28,59.4,10
91,186,98,64,2,18.23,57.5,10
91,186,98,64,2,18.25,57.2,10
90,186,100,64,2,18.15,57.0,10
91,186,98,64,2,18.2,59.3,10
91,183,99,64,2,18.16,59.3,10
91,184,99,64,2,18.22,59.9,10
90,185,98,64,2,18.26,59.1,10
92,183,96,64,2,18.26,58.3,10
90,184,98,64,2,18.33,58.9,10
91,185,98,64,2,18.08,59.8,10
91,183,98,64,2,18.1,59.5,10
90,183,98,64,2,18.2,58.9,10
92,185,97,64,2,18.15,60.7,10
89,184,98,64,2,18.18,61.8,10
90,186,99,64,2,18.1,62.1,10
91,184,97,64,2,18.37,60.9,10
89,184,97,64,2,18.29,63.8,10
89,185,97,64,2,17.99,62.0,10
90,183,97,64,2,18.14,60.9,10
89,184,97,64,2,18.1,63.9,10
90,186,96,64,2,18.13,62.2,10
91,185,96,64,2,18.26,61.3,10
92,184,97,64,2,18.16,63.9,10
90,184,96,64,2,18.13,63.4,10
90,184,96,64,2,17.99,64.2,10
90,183,97,64,2,18.22,62.0,10
90,182,97,64,2,17.99,63.4,10
90,184,97,64,2,17.92,61.6,10
89,183,97,64,2,18.19,62.4,10
91,183,98,64,2,18.21,63.3,10
89,184,98,64,2,18.13,62.6,10
90,184,96,64,2,18.16,63.9,10
91,183,96,64,2,18.17,64.2,10
91,184,97,64,2,18.05,62.4,10
91,185,97,64,2,18.21,62.4,10
90,182,97,64,2,18.09,64.1,10
90,184,96,64,2,18.13,64.5,10
91,184,96,64,2,18.14,64.2,10
90,184,96,64,2,18.26,64.6,10
90,183,95,64,2,18.19,62.6,10
91,183,97,64,2,18.23,64.3,10
90,185,97,64,2,18.19,65.1,10
91,183,96,64,2,18.2,65.4,10
89,184,97,64,2,18.15,63.4,10
91,182,98,64,2,18.19,64.0,10
0,0,0,64,2,0.0,0.0,7
90,185,96,64,2,18.29,62.8,10
90,184,97,64,2,18.25,65.2,10
91,183,96,64,2,18.38,64.7,10
91,185,97,64,2,18.36,64.6,10
91,185,96,64,2,18.15,65.3,10
90,183,95,64,2,18.4,64.7,10
90,184,94,64,2,18.28,63.4,10
89,186,95,64,2,18.1,65.6,10
91,184,97,64,2,18.25,65.5,10
90,185,96,64,2,18.27,65.1,10
89,184,96,64,2,18.3,66.2,10
91,185,96,64,2,18.36,65.2,10
90,184,94,64,2,18.21,64.1,10
91,183,96,64,2,18.23,65.1,10
91,184,97,64,2,18.35,65.6,10
91,185,97,64,2,18.32,63.8,10
89,184,98,64,2,18.5,64.0,10
89,185,97,64,2,18.47,63.2,10
91,184,97,64,2,18.17,63.4,10
92,185,97,64,2,18.37,65.7,10
91,184,98,64,2,18.31,65.0,10
90,184,97,64,2,18.35,65.5,10
91,185,97,64,2,18.52,65.8,10
90,185,99,64,2,18.32,64.6,10
90,185,98,64,2,18.36,64.6,10
90,184,98,64,2,18.43,64.4,10
91,183,97,64,2,18.57,64.4,10
92,184,97,64,2,18.49,64.1,10
91,184,98,64,2,18.33,63.8,10
92,183,97,64,2,18.43,63.6,10
91,184,96,64,2,18.42,64.5,10
91,184,97,64,2,18.39,64.6,10
90,183,98,64,2,18.4,64.6,10
90,185,98,64,2,18.54,65.1,10
91,183,98,64,2,18.43,63.4,10
89,183,98,64,2,18.51,63.5,10
92,183,98,64,2,18.64,64.6,10
93,185,99,64,2,18.43,65.0,10
90,184,98,64,2,18.44,65.1,10
90,184,97,64,2,18.63,65.0,10
91,182,98,64,2,18.57,64.4,10
89,184,98,64,2,18.56,65.9,10
92,182,100,64,2,18.42,67.3,10
90,185,100,64,2,18.45,63.7,10
90,181,98,64,2,18.64,65.3,10
90,183,100,64,2,18.46,65.7,10
92,182,99,64,2,18.4,65.1,10
90,183,98,64,2,18.49,64.9,10
90,184,99,64,2,18.46,63.6,10
91,183,99,64,2,18.58,64.3,10
90,182,99,64,2,18.49,64.0,10
90,181,98,64,2,18.49,62.8,10
91,183,99,64,2,18.6,64.5,10
91,182,97,64,2,18.54,62.8,10
91,182,97,64,2,18.6,64.9,10
91,183,97,64,2,18.72,64.4,10
91,182,97,64,2,18.54,63.0,10
90,182,99,64,2,18.59,65.2,10
91,181,98,64,2,18.58,63.6,10
91,181,98,64,2,18.68,63.7,10
92,183,98,64,2,18.62,63.9,10
92,181,97,64,2,18.65,65.6,10
91,180,98,64,2,18.64,63.7,10
89,181,97,64,2,18.54,64.1,10
90,182,98,64,2,18.62,64.4,10
89,180,99,64,2,18.77,63.9,10
92,182,98,64,2,18.66,63.9,10
91,184,99,64,2,18.55,64.3,10
91,181,99,64,2,18.75,62.9,10
91,180,99,64,2,18.63,63.5,10
91,181,98,64,2,18.65,62.3,10
91,180,98,64,2,18.81,64.2,10
91,183,98,64,2,18.72,62.7,10
89,181,100,64,2,18.77,62.4,10
89,181,98,64,2,18.65,63.7,10
92,181,99,64,2,18.69,62.8,10
91,183,99,64,2,18.61,62.4,10
90,183,99,64,2,18.7,62.0,10
92,181,98,64,2,18.66,62.3,10
91,181,99,64,2,18.75,62.1,10
91,181,99,64,2,18.81,60.9,10
92,182,99,64,2,18.65,61.7,10
93,179,99,64,2,18.78,61.8,10
91,181,98,64,2,18.83,62.7,10
91,181,101,64,2,18.87,60.8,10
92,179,100,64,2,18.75,62.2,10
91,179,100,64,2,18.63,62.7,10
90,179,99,64,2,18.73,61.9,10
91,181,99,64,2,18.6,61.8,10
90,181,98,64,2,18.77,61.6,10
91,179,99,64,2,18.7,60.6,10
92,179,99,64,2,18.65,60.8,10
91,181,97,64,2,18.88,61.8,10
91,178,100,64,2,18.85,59.8,10
90,180,99,64,2,18.74,58.6,10
91,180,99,64,2,18.71,59.7,10
91,179,100,64,2,18.73,60.7,10
90,180,99,64,2,18.79,60.7,10
92,180,100,64,2,18.89,61.1,10
91,179,101,64,2,18.98,60.1,10
89,181,99,64,2,18.91,58.9,10
92,180,100,64,2,18.82,59.6,10
91,179,99,64,2,18.81,58.8,10
91,179,101,64,2,18.91,59.7,10
90,179,100,64,2,18.5,59.6,10
90,179,101,64,2,18.43,60.2,10
90,179,101,64,2,18.32,95.0,10
91,181,99,65,2,18.61,95.0,10
93,179,98,65,2,18.52,93.5,10
91,180,99,65,2,18.51,93.4,10
91,181,100,65,2,18.52,92.7,10
90,179,100,65,2,18.52,94.4,10
91,179,100,65,2,18.59,92.3,10
90,180,99,65,2,18.54,94.5,10
91,181,97,65,2,18.61,90.1,10
91,180,97,65,2,18.68,90.2,10
89,181,98,65,2,18.67,91.2,10
89,179,98,65,2,18.59,86.9,10
90,180,99,65,2,18.65,87.2,10
92,179,99,65,2,18.63,88.3,10
91,181,99,65,2,18.69,85.5,10
91,181,98,65,2,18.64,83.9,10
89,178,99,65,2,18.72,82.8,10
91,179,96,65,2,18.77,84.7,10
91,179,99,65,2,18.68,79.1,10
90,179,97,65,2,18.67,81.7,10
91,179,97,65,2,18.71,80.1,10
92,180,98,65,2,18.72,79.5,10
92,180,98,65,2,18.74,77.4,10
90,181,96,65,2,18.86,76.7,10
90,181,98,65,2,18.71,75.1,10
90,180,100,65,2,18.73,73.2,10
88,180,98,65,2,18.9,72.4,10
90,180,98,65,2,18.62,73.0,10
91,181,98,65,2,18.75,70.7,10
91,181,98,65,2,18.86,70.7,10
90,180,96,65,2,18.89,69.6,10
91,181,97,65,2,18.91,70.3,10
88,178,98,65,2,18.74,69.2,10
91,179,97,65,2,18.77,70.4,10
92,180,97,65,2,18.88,69.2,10
89,178,98,65,2,18.81,68.0,10
89,180,98,65,2,18.85,67.6,10
90,179,97,65,2,19.07,67.8,10
90,181,97,65,2,18.92,68.4,10
90,180,98,65,2,18.84,66.7,10
91,180,97,65,2,18.9,64.8,10
91,180,96,65,2,18.84,66.5,10
91,180,97,65,2,18.9,66.8,10
91,179,99,65,2,18.82,64.3,10
91,179,97,65,2,19.08,64.5,10
90,180,97,65,2,18.95,64.6,10
90,181,97,65,2,18.88,63.6,10
91,181,98,65,2,19.01,65.2,10
90,182,98,65,2,19.04,65.2,10
89,179,98,65,2,18.81,62.8,10
91,181,96,65,2,18.91,65.5,10
91,178,96,65,2,18.98,62.0,10
91,180,96,65,2,18.7,64.2,10
90,180,95,65,2,18.73,64.2,10
91,179,96,65,2,18.78,62.4,10
91,182,97,65,2,18.7,94.8,10
89,181,96,65,2,18.74,95.0,10
90,179,97,65,2,18.78,91.0,10
89,181,96,65,2,18.71,89.0,10
90,180,97,65,2,18.73,88.3,10
91,179,98,65,2,18.9,89.8,10
89,181,97,65,2,18.8,85.7,10
89,181,96,65,2,18.83,85.5,10
90,180,97,65,2,18.87,83.9,10
90,179,97,65,2,19.03,84.9,10
90,177,99,65,2,18.88,81.2,10
91,180,97,65,2,18.92,81.3,10
90,180,98,65,2,19.02,81.2,10
90,178,96,65,2,18.94,80.2,10
90,179,96,65,2,18.88,79.5,10
90,178,97,65,2,18.9,78.6,10
91,179,99,65,2,18.85,77.7,10
90,179,97,65,2,18.98,76.9,10
91,180,98,65,2,18.99,73.9,10
92,177,98,65,2,19.05,75.2,10
89,179,97,65,2,18.8,74.3,10
90,179,96,65,2,19.04,73.1,10
0,0,0,65,2,0.0,0.0,7
89,178,97,65,2,18.99,70.6,10
90,176,96,65,2,19.07,71.2,10
90,178,97,65,2,19.2,71.2,10
89,177,97,65,2,18.94,70.8,10
90,178,97,65,2,18.93,71.1,10
91,179,97,65,2,19.08,69.6,10
90,177,97,65,2,19.08,70.2,10
90,178,97,65,2,19.15,69.1,10
91,179,97,65,2,19.09,68.3,10
91,177,97,65,2,18.85,69.6,10
90,177,98,65,2,19.1,67.7,10
90,179,98,65,2,19.06,68.5,10
91,179,98,65,2,19.21,67.3,10
90,178,97,65,2,19.07,66.7,10
90,180,99,65,2,19.22,66.0,10
91,179,98,65,2,19.25,65.2,10
89,178,97,65,2,19.25,65.4,10
90,179,99,65,2,19.24,64.7,10
90,177,98,65,2,19.29,64.4,10
90,177,98,65,2,19.21,64.5,10
89,178,97,65,2,19.29,63.5,10
88,178,99,65,2,19.08,64.3,10
90,177,98,65,2,19.13,62.4,10
89,178,100,65,2,19.31,65.5,10
90,179,98,65,2,19.05,63.6,10
89,177,99,65,2,19.27,65.2,10
91,179,99,65,2,19.18,63.5,10
89,180,98,65,2,19.16,62.4,10
90,178,98,65,2,19.11,62.7,10
89,177,98,65,2,19.23,62.5,10
91,179,98,65,2,19.11,62.8,10
91,178,97,65,2,19.23,61.2,10
90,179,96,65,2,19.21,60.1,10
89,178,97,65,2,19.09,61.5,10
90,178,98,65,2,19.19,61.8,10
89,179,97,65,2,19.14,62.5,10
90,179,98,65,2,19.12,62.0,10
91,178,97,65,2,19.11,61.1,10
89,179,96,65,2,19.17,60.3,10
90,177,97,65,2,19.28,60.7,10
89,178,96,65,2,18.96,61.4,10
89,179,96,65,2,19.04,58.2,10
89,177,94,65,2,19.22,61.0,10
90,177,97,65,2,19.09,60.9,10
89,179,95,65,2,19.12,61.1,10
89,179,96,65,2,19.14,59.6,10
89,179,95,65,2,19.22,60.3,10
90,179,95,65,2,19.14,60.8,10
89,178,96,65,2,19.16,60.0,10
90,178,96,65,2,19.13,59.1,10
90,179,96,65,2,19.19,61.1,10
90,178,97,65,2,19.19,58.9,10
89,179,95,65,2,19.29,60.4,10
89,179,96,65,2,19.15,60.8,10
90,177,97,65,2,19.2,59.7,10
92,178,97,65,2,19.32,59.8,10
90,178,95,65,2,19.29,60.1,10
90,177,96,65,2,19.21,60.0,10
88,178,97,65,2,19.09,58.6,10
89,177,96,65,2,19.15,57.6,10
88,178,96,65,2,19.3,60.1,10
89,179,95,65,2,19.24,60.0,10
89,179,95,65,2,19.07,58.4,10
91,179,96,65,2,19.2,58.8,10
88,180,95,65,2,19.23,57.6,10
90,178,95,65,2,19.27,58.9,10
89,178,95,65,2,19.33,58.7,10
90,179,95,65,2,19.09,59.3,10
90,179,95,65,2,19.18,59.9,10
89,179,95,65,2,19.25,61.2,10
89,176,95,65,2,19.27,59.8,10
89,178,96,65,2,19.15,60.7,10
89,176,96,65,2,19.19,60.4,10
89,179,96,65,2,19.22,59.2,10
88,176,97,65,2,19.32,60.8,10
90,178,95,65,2,19.34,61.5,10
88,177,96,65,2,19.17,60.9,10
90,179,96,65,2,19.21,60.8,10
90,178,96,65,2,19.37,61.0,10
89,178,96,65,2,19.39,61.8,10
91,177,96,65,2,19.26,60.7,10
90,178,95,65,2,19.34,61.5,10
90,179,96,65,2,19.35,62.7,10
89,177,97,65,2,19.15,62.4,10
90,180,96,65,2,19.2,61.9,10
90,179,96,65,2,19.31,63.0,10
92,179,95,65,2,19.16,62.2,10
90,178,96,65,2,19.2,62.0,10
90,179,96,65,2,19.37,64.2,10
88,180,95,65,2,19.13,61.8,10
89,178,96,65,2,19.17,62.4,10
90,178,97,65,2,19.29,62.4,10
90,179,96,65,2,19.48,61.5,10
91,179,95,65,2,19.3,63.7,10
90,180,95,65,2,19.27,63.5,10
90,179,98,65,2,19.18,65.2,10
90,179,96,65,2,19.09,63.8,10
89,178,96,65,2,19.16,66.1,10
89,181,94,65,2,19.19,63.5,10
90,178,97,65,2,19.12,65.4,10
90,179,97,65,2,19.25,64.4,10
91,179,96,65,2,19.36,65.4,10
89,178,96,65,2,19.1,65.0,10
88,180,96,65,2,19.33,65.2,10
91,180,96,65,2,19.28,65.2,10
91,180,95,65,2,19.35,65.6,10
90,179,94,65,2,19.32,63.7,10
89,181,97,65,2,19.31,64.9,10
90,180,97,65,2,19.13,64.8,10
90,181,97,65,2,19.46,64.9,10
90,182,98,65,2,19.4,65.4,10
90,181,96,65,2,19.41,66.4,10
90,184,97,65,2,19.55,63.8,10
90,180,96,65,2,19.38,64.9,10
88,181,97,65,2,19.42,64.9,10
88,182,96,65,2,19.36,64.8,10
91,182,96,65,2,19.43,62.9,10
89,181,98,65,2,19.48,65.5,10
90,182,96,65,2,19.36,64.3,10
90,181,96,65,2,19.45,65.6,10
89,183,98,65,2,19.48,65.6,10
90,183,96,65,2,19.41,64.7,10
89,181,97,65,2,19.4,65.1,10
89,179,97,65,2,19.41,66.2,10
88,180,97,65,2,19.42,65.3,10
91,182,97,65,2,19.49,64.0,10
90,182,97,65,2,19.41,65.6,10
89,180,98,65,2,19.59,65.1,10
89,181,97,65,2,19.55,65.6,10
90,180,96,65,2,19.56,65.0,10
88,182,97,65,2,19.53,65.9,10
90,182,97,65,2,19.36,64.3,10
91,182,98,65,2,19.54,63.9,10
89,181,97,65,2,19.47,65.4,10
91,181,96,65,2,19.52,63.3,10
90,181,98,65,2,19.62,64.8,10
90,181,97,65,2,19.75,65.4,10
89,182,98,65,2,19.66,65.8,10
90,182,97,65,2,19.5,64.8,10
88,182,98,65,2,19.63,64.3,10
90,182,97,65,2,19.45,64.5,10
90,181,98,65,2,19.61,65.7,10
91,183,97,65,2,19.7,65.7,10
89,181,97,65,2,19.5,64.2,10
89,182,98,65,2,19.57,65.1,10
90,183,98,65,2,19.64,65.0,10
90,182,99,65,2,19.49,63.7,10
91,180,98,65,2,19.67,63.0,10
90,181,98,65,2,19.68,65.4,10
90,181,98,65,2,19.56,65.4,10
90,180,98,65,2,19.72,64.3,10
91,183,98,65,2,19.62,63.8,10
89,182,97,65,2,19.7,63.2,10
89,181,98,65,2,19.78,62.6,10
90,179,95,65,2,19.69,64.0,10
90,179,97,65,2,19.76,64.1,10
91,180,97,65,2,19.69,62.3,10
90,179,99,65,2,19.81,63.8,10
90,180,98,65,2,19.75,63.3,10
90,180,97,65,2,19.7,63.5,10
90,178,98,65,2,19.68,61.0,10
91,180,99,65,2,19.72,63.8,10
90,179,98,65,2,19.68,63.2,10
90,179,99,65,2,19.84,62.6,10
89,181,99,65,2,19.73,62.8,10
91,181,97,65,2,19.77,62.0,10
89,180,98,65,2,19.82,62.0,10
89,179,99,65,2,19.79,61.0,10
89,179,98,65,2,19.87,63.2,10
89,178,96,65,2,19.88,62.3,10
89,179,96,65,2,19.81,62.9,10
88,178,98,65,2,19.87,61.6,10
91,179,96,65,2,19.9,63.3,10
89,179,97,65,2,19.92,63.8,10
90,179,97,65,2,19.77,62.6,10
89,180,96,65,2,19.82,62.5,10
89,181,98,65,2,19.86,61.9,10
90,180,97,65,2,19.7,62.2,10
91,177,97,65,2,19.79,62.9,10
89,179,95,65,2,19.96,61.9,10
91,178,96,65,2,19.88,62.4,10
89,179,97,65,2,19.69,61.1,10
90,181,96,65,2,19.77,60.7,10
91,178,95,65,2,19.74,62.0,10
89,179,96,65,2,19.59,62.3,10
89,179,96,65,2,19.83,61.0,10
90,180,97,65,2,19.81,61.9,10
90,180,96,65,2,19.8,61.2,10
90,178,95,65,2,19.88,60.3,10
90,177,96,65,2,19.82,63.0,10
90,178,96,65,2,19.8,62.0,10
89,177,95,65,2,19.72,61.0,10
88,180,95,65,2,19.83,60.3,10
91,178,95,65,2,19.82,60.3,10
90,179,96,65,2,19.95,59.9,10
90,176,95,65,2,19.88,60.5,10
89,177,96,65,2,19.87,59.7,10
89,179,94,65,2,19.78,59.6,10
88,179,92,65,2,19.8,59.8,10
89,180,95,65,2,19.78,58.0,10
89,182,94,65,2,19.83,59.6,10
89,178,95,65,2,19.8,58.7,10
89,179,96,65,2,19.99,59.0,10
90,179,95,65,2,19.65,58.2,10
90,177,95,65,2,19.76,60.0,10
90,179,96,65,2,19.79,57.1,10
89,181,94,65,2,19.81,59.0,10
89,178,93,65,2,19.8,59.7,10
88,180,95,65,2,19.79,94.1,10
89,179,93,65,2,19.83,94.8,10
89,180,96,65,2,19.32,95.0,10
89,180,95,66,2,19.4,92.7,10
90,180,92,66,2,19.47,91.5,10
0,0,0,66,2,0.0,0.0,7
90,180,95,66,2,19.52,91.3,10
89,179,94,66,2,19.31,90.2,10
89,181,96,66,2,19.48,89.7,10
90,181,95,66,2,19.5,88.1,10
89,179,95,66,2,19.53,87.0,10
91,179,94,66,2,19.52,86.2,10
90,181,96,66,2,19.43,87.1,10
90,180,96,66,2,19.68,86.8,10
90,179,95,66,2,19.46,84.4,10
90,179,96,66,2,19.38,81.9,10
89,180,96,66,2,19.59,80.0,10
91,180,96,66,2,19.57,82.4,10
89,178,95,66,2,19.61,80.7,10
89,180,96,66,2,19.57,80.3,10
87,179,97,66,2,19.46,78.9,10
89,180,97,66,2,19.41,75.8,10
89,179,96,66,2,19.59,79.3,10
90,179,98,66,2,19.57,76.5,10
90,179,96,66,2,19.69,74.4,10
89,180,96,66,2,19.55,74.3,10
90,178,96,66,2,19.63,74.8,10
89,180,97,66,2,19.65,72.9,10
89,180,95,66,2,19.6,70.5,10
90,179,96,66,2,19.75,70.4,10
90,180,96,66,2,19.6,71.8,10
89,180,95,66,2,19.74,67.9,10
91,180,95,66,2,19.67,68.5,10
88,179,96,66,2,19.74,67.7,10
89,179,97,66,2,19.62,66.9,10
89,178,95,66,2,19.84,65.0,10
88,181,96,66,2,19.68,65.4,10
89,179,95,66,2,19.63,63.0,10
90,178,97,66,2,19.74,64.2,10
89,179,96,66,2,19.71,64.1,10
89,180,96,66,2,19.84,65.3,10
89,179,96,66,2,19.9,62.1,10
89,179,95,66,2,19.84,63.6,10
90,178,96,66,2,19.79,64.5,10
87,180,96,66,2,19.77,61.2,10
89,178,94,66,2,19.66,63.4,10
89,175,96,66,2,19.78,64.1,10
88,179,97,66,2,19.78,63.2,10
90,178,95,66,2,19.73,61.0,10
90,178,95,66,2,19.74,62.9,10
89,179,96,66,2,19.89,60.4,10
88,179,97,66,2,19.76,61.4,10
89,177,97,66,2,19.77,62.3,10
90,179,96,66,2,19.86,61.1,10
88,178,97,66,2,19.87,91.0,10
88,179,96,66,2,19.95,91.4,10
89,180,96,66,2,19.86,88.9,10
88,177,96,66,2,19.77,90.1,10
88,176,95,66,2,19.85,90.3,10
90,176,97,66,2,19.95,86.7,10
88,176,96,66,2,19.56,84.8,10
91,176,95,66,2,19.72,85.5,10
88,180,95,66,2,19.71,82.6,10
88,177,96,66,2,19.77,80.6,10
90,179,97,66,2,19.79,81.8,10
88,177,97,66,2,19.72,80.9,10
90,179,96,66,2,19.76,79.7,10
88,179,97,66,2,19.77,78.8,10
89,176,97,66,2,19.69,78.7,10
89,178,96,66,2,19.93,76.5,10
89,177,96,66,2,19.95,75.2,10
89,176,96,66,2,19.73,75.5,10
89,177,95,66,2,19.79,75.9,10
88,176,97,66,2,19.9,72.1,10
88,176,98,66,2,19.95,73.6,10
89,176,96,66,2,19.88,71.5,10
89,177,96,66,2,19.81,73.8,10
88,177,96,66,2,19.93,73.2,10
87,178,96,66,2,19.71,70.9,10
88,177,95,66,2,19.95,70.5,10
89,176,95,66,2,19.88,69.3,10
89,177,95,66,2,19.98,70.5,10
89,176,96,66,2,19.87,68.5,10
0,0,0,66,2,0.0,0.0,7
90,177,95,66,2,19.97,68.6,10
89,176,97,66,2,20.04,66.4,10
89,177,96,66,2,20.0,68.5,10
88,177,96,66,2,20.06,66.9,10
88,178,98,66,2,20.09,67.4,10
90,177,96,66,2,20.17,67.2,10
89,178,97,66,2,20.06,65.9,10
90,178,98,66,2,20.07,65.8,10
89,178,98,66,2,20.1,66.0,10
88,177,98,66,2,20.05,65.7,10
90,177,97,66,2,20.19,63.1,10
90,179,96,66,2,20.16,63.3,10
90,179,98,66,2,20.39,64.4,10
88,179,98,66,2,20.11,63.6,10
89,178,96,66,2,20.11,63.7,10
89,178,95,66,2,20.15,62.4,10
89,178,96,66,2,20.1,62.1,10
90,178,96,66,2,20.05,62.4,10
90,179,96,66,2,20.22,61.6,10
89,180,98,66,2,20.27,63.3,10
89,178,96,66,2,20.06,61.4,10
0,0,0,66,2,0.0,0.0,7
88,179,96,66,2,20.24,60.0,10
89,179,96,66,2,20.15,60.4,10
88,179,95,66,2,20.24,59.4,10
89,177,96,66,2,20.49,60.4,10
88,177,96,66,2,20.21,59.6,10
88,178,96,66,2,20.28,59.3,10
90,177,96,66,2,20.37,59.9,10
88,180,96,66,2,20.21,59.6,10
89,178,98,66,2,20.42,59.1,10
90,179,96,66,2,20.31,58.3,10
89,178,96,66,2,20.47,59.2,10
90,178,95,66,2,20.24,58.8,10
89,178,96,66,2,20.33,58.1,10
88,177,97,66,2,20.27,57.7,10
89,177,98,66,2,20.37,58.9,10
89,178,95,66,2,20.17,58.0,10
90,177,95,66,2,20.36,59.0,10
90,177,98,66,2,20.32,58.7,10
89,177,97,66,2,20.23,59.3,10
87,176,96,66,2,20.3,56.3,10
89,177,96,66,2,20.47,58.0,10
88,174,99,66,2,20.38,59.7,10
89,178,97,66,2,20.42,57.4,10
89,177,97,66,2,20.44,58.2,10
89,176,97,66,2,20.4,58.9,10
88,175,98,66,2,20.54,57.5,10
88,177,98,66,2,20.46,58.7,10
88,178,97,66,2,20.4,57.0,10
90,175,98,66,2,20.46,57.5,10
89,175,97,66,2,20.45,58.3,10
89,176,97,66,2,20.31,57.5,10
88,177,97,66,2,20.47,57.7,10
89,176,98,66,2,20.51,58.3,10
88,175,97,66,2,20.43,56.4,10
88,176,97,66,2,20.49,56.8,10
88,175,97,66,2,20.47,55.9,10
89,177,97,66,2,20.46,55.3,10
89,173,99,66,2,20.73,57.3,10
88,177,97,66,2,20.57,55.4,10
89,176,98,66,2,20.5,57.3,10
90,176,98,66,2,20.53,56.7,10
88,176,98,66,2,20.64,57.0,10
89,175,98,66,2,20.49,57.0,10
89,176,98,66,2,20.4,57.0,10
89,175,98,66,2,20.71,57.4,10
88,176,97,66,2,20.66,57.7,10
88,173,98,66,2,20.49,57.5,10
88,176,96,66,2,20.58,58.6,10
88,175,99,66,2,20.74,57.2,10
88,175,98,66,2,20.67,59.4,10
88,176,95,66,2,20.55,56.6,10
90,175,98,66,2,20.65,58.2,10
87,174,98,66,2,20.56,58.1,10
89,175,100,66,2,20.73,59.8,10
89,176,99,66,2,20.5,58.2,10
88,175,96,66,2,20.61,57.0,10
89,175,96,66,2,20.68,58.7,10
89,177,98,66,2,20.5,60.1,10
89,173,98,66,2,20.46,58.5,10
89,175,97,66,2,20.68,58.2,10
89,174,98,66,2,20.7,60.5,10
88,175,98,66,2,20.47,58.0,10
89,174,97,66,2,20.58,60.7,10
89,175,98,66,2,20.58,59.0,10
89,174,97,66,2,20.71,59.7,10
90,175,98,66,2,20.55,60.9,10
88,174,96,66,2,20.56,59.8,10
88,176,97,66,2,20.74,60.7,10
89,175,97,66,2,20.52,59.0,10
87,174,98,66,2,20.53,61.4,10
89,175,97,66,2,20.47,58.3,10
89,175,98,66,2,20.61,60.4,10
88,175,98,66,2,20.6,59.5,10
89,174,95,66,2,20.51,59.6,10
89,175,97,66,2,20.66,60.7,10
89,175,97,66,2,20.59,60.7,10
90,172,97,66,2,20.67,60.8,10
89,175,96,66,2,20.37,58.1,10
89,174,95,66,2,20.65,60.2,10
89,174,98,66,2,20.51,63.1,10
89,173,98,66,2,20.49,58.9,10
89,176,97,66,2,20.57,60.2,10
89,174,97,66,2,20.45,59.7,10
89,174,100,66,2,20.45,60.3,10
88,174,97,66,2,20.5,61.6,10
89,175,96,66,2,20.47,60.8,10
89,173,98,66,2,20.49,59.5,10
89,173,96,66,2,20.41,60.2,10
88,174,97,66,2,20.57,58.6,10
89,175,97,66,2,20.64,61.1,10
89,174,96,66,2,20.54,60.1,10
90,172,96,66,2,20.58,60.6,10
89,173,95,66,2,20.62,60.0,10
88,174,96,66,2,20.66,61.0,10
89,172,98,66,2,20.61,59.9,10
89,174,98,66,2,20.59,60.4,10
88,173,95,66,2,20.87,59.9,10
88,173,97,66,2,20.56,61.6,10
89,173,96,66,2,20.69,59.3,10
90,174,96,66,2,20.69,60.0,10
90,172,96,66,2,20.69,59.2,10
86,175,97,66,2,20.7,59.8,10
88,174,96,66,2,20.68,61.2,10
88,176,96,66,2,20.76,58.8,10
89,174,95,66,2,20.79,59.3,10
89,173,95,66,2,20.76,59.7,10
89,173,97,66,2,20.64,59.4,10
90,173,96,66,2,20.69,60.2,10
89,173,95,66,2,20.69,58.7,10
89,172,95,66,2,20.69,59.3,10
88,174,97,66,2,20.74,58.8,10
90,175,96,66,2,20.83,56.9,10
89,174,96,66,2,20.8,58.5,10
89,172,97,66,2,20.64,59.2,10
90,174,97,66,2,20.82,59.8,10
88,176,97,66,2,20.69,58.1,10
89,176,96,66,2,20.82,57.2,10
88,172,95,66,2,20.77,59.6,10
89,175,96,66,2,20.81,58.0,10
88,174,98,66,2,20.77,59.2,10
89,173,96,66,2,20.81,57.8,10
88,174,95,66,2,20.91,59.1,10
89,174,97,66,2,20.85,59.6,10
89,173,95,66,2,20.84,60.0,10
88,175,97,66,2,20.65,57.7,10
89,174,95,66,2,20.81,59.8,10
89,174,97,66,2,20.78,59.6,10
89,174,96,66,2,20.81,59.3,10
90,172,97,66,2,20.77,58.9,10
89,172,96,66,2,20.77,57.6,10
89,173,95,66,2,20.81,59.2,10
88,173,97,66,2,20.68,57.7,10
89,174,96,66,2,20.81,58.5,10
88,173,94,66,2,20.88,58.9,10
89,174,94,66,2,20.76,59.7,10
90,172,94,66,2,20.75,58.5,10
89,173,96,66,2,20.75,58.4,10
90,174,95,66,2,20.66,57.8,10
88,173,95,66,2,20.84,58.4,10
90,174,96,66,2,20.7,58.0,10
89,174,95,66,2,20.72,59.8,10
89,174,95,66,2,20.87,57.7,10
89,174,95,66,2,20.77,58.3,10
89,173,96,66,2,20.86,59.0,10
89,175,96,66,2,20.73,57.7,10
89,173,96,66,2,20.97,56.9,10
88,175,94,66,2,20.83,57.8,10
89,172,95,66,2,20.95,56.0,10
89,175,96,66,2,21.03,57.6,10
88,173,95,66,2,20.88,57.6,10
89,174,96,66,2,20.78,57.8,10
87,173,95,66,2,20.89,58.0,10
91,173,96,66,2,20.92,58.0,10
89,174,96,66,2,20.93,57.6,10
89,173,97,66,2,20.83,58.8,10
88,172,96,66,2,20.9,56.5,10
90,172,95,66,2,20.91,55.4,10
88,174,95,66,2,21.02,57.8,10
89,173,95,66,2,20.9,56.8,10
88,173,95,66,2,21.0,57.5,10
89,173,95,66,2,20.99,58.1,10
87,171,95,66,2,20.89,56.1,10
88,172,94,66,2,20.95,55.4,10
89,174,96,66,2,20.83,55.5,10
89,173,96,66,2,20.93,57.4,10
87,172,95,66,2,20.84,55.4,10
87,173,95,66,2,20.91,56.5,10
88,172,94,66,2,20.92,57.6,10
88,173,95,66,2,20.92,56.6,10
89,173,95,66,2,20.93,55.8,10
88,175,94,66,2,20.94,54.4,10
87,173,94,66,2,21.0,56.2,10
89,173,96,66,2,21.01,55.2,10
88,172,94,66,2,20.99,55.4,10
88,173,93,66,2,20.98,56.4,10
87,171,93,66,2,21.07,55.0,10
89,174,94,66,2,21.0,57.0,10
88,172,94,66,2,20.93,55.7,10
88,172,95,66,2,21.13,56.6,10
89,174,94,66,2,20.97,55.7,10
88,173,93,66,2,20.98,55.2,10
89,173,94,66,2,21.01,54.3,10
88,173,94,66,2,21.16,54.5,10
89,172,94,66,2,21.09,93.3,10
88,173,94,66,2,20.99,91.0,10
87,172,94,67,2,21.07,90.5,10
88,172,94,67,2,20.59,87.5,10
89,171,95,67,2,20.67,87.8,10
88,174,93,67,2,20.68,87.9,10
88,172,93,67,2,20.69,88.2,10
89,173,92,67,2,20.6,84.6,10
88,173,93,67,2,20.77,85.4,10
88,173,94,67,2,20.52,86.6,10
88,172,92,67,2,20.76,84.5,10
88,172,92,67,2,20.61,82.3,10
88,170,93,67,2,20.61,83.1,10
89,172,93,67,2,20.75,81.5,10
89,172,91,67,2,20.82,80.6,10
87,171,93,67,2,20.79,79.5,10
88,172,93,67,2,20.8,80.5,10
89,172,93,67,2,20.83,75.5,10
88,173,93,67,2,20.91,79.2,10
87,171,92,67,2,20.75,76.0,10
87,171,93,67,2,20.82,75.9,10
88,173,93,67,2,20.85,73.5,10
87,171,93,67,2,20.94,72.3,10
88,172,93,67,2,21.01,73.1,10
90,172,94,67,2,20.91,70.4,10
87,173,95,67,2,20.91,68.0,10
88,170,94,67,2,20.89,70.6,10
88,172,92,67,2,21.0,68.6,10
88,172,93,67,2,20.83,66.2,10
88,171,93,67,2,20.92,64.5,10
88,172,93,67,2,20.86,65.4,10
88,170,94,67,2,20.92,63.8,10
88,170,93,67,2,20.89,63.7,10
88,171,91,67,2,20.98,64.5,10
87,171,92,67,2,20.89,63.7,10
88,168,92,67,2,21.01,63.1,10
87,170,92,67,2,20.96,61.6,10
88,172,93,67,2,21.09,61.0,10
88,171,92,67,2,20.94,61.2,10
86,171,92,67,2,21.02,61.8,10
87,171,93,67,2,21.0,62.0,10
88,169,92,67,2,20.92,62.4,10
88,170,93,67,2,21.07,60.6,10
86,168,93,67,2,21.01,60.8,10
87,168,93,67,2,21.05,59.9,10
86,169,92,67,2,21.14,59.6,10
86,170,93,67,2,21.13,60.1,10
86,171,92,67,2,21.09,59.2,10
88,170,93,67,2,21.18,59.2,10
88,171,93,67,2,21.12,60.3,10
87,170,92,67,2,20.94,58.1,10
88,172,92,67,2,21.02,59.2,10
87,171,92,67,2,21.1,89.7,10
88,170,93,67,2,21.31,87.4,10
87,171,92,67,2,21.16,87.6,10
87,171,92,67,2,21.11,88.5,10
88,170,92,67,2,21.02,86.6,10
88,166,91,67,2,21.15,84.3,10
86,170,92,67,2,20.82,83.3,10
87,170,90,67,2,20.93,79.6,10
87,170,92,67,2,20.97,78.5,10
86,170,93,67,2,21.04,79.0,10
88,169,93,67,2,20.81,78.7,10
89,169,91,67,2,20.92,75.6,10
88,168,92,67,2,21.01,76.3,10
87,167,90,67,2,20.99,75.0,10
87,168,92,67,2,20.86,74.1,10
88,169,93,67,2,20.88,72.2,10
89,169,91,67,2,20.93,72.6,10
89,169,91,67,2,20.93,71.5,10
89,168,91,67,2,21.1,70.9,10
88,168,93,67,2,20.93,70.3,10
89,167,92,67,2,20.99,69.7,10
88,169,92,67,2,20.78,68.8,10
87,168,92,67,2,21.06,67.0,10
89,168,93,67,2,20.91,67.3,10
88,167,91,67,2,21.01,65.7,10
88,170,91,67,2,21.05,66.2,10
87,168,92,67,2,21.21,67.3,10
89,168,92,67,2,21.07,65.5,10
88,170,92,67,2,20.95,64.7,10
87,166,92,67,2,21.03,66.6,10
88,168,91,67,2,21.13,62.7,10
88,168,91,67,2,21.1,64.0,10
89,167,91,67,2,21.03,63.8,10
88,167,91,67,2,21.02,62.3,10
88,169,90,67,2,21.1,61.8,10
88,169,93,67,2,21.09,62.2,10
88,167,92,67,2,21.03,62.6,10
88,168,91,67,2,21.24,61.3,10
88,167,91,67,2,21.13,60.5,10
88,167,91,67,2,21.09,61.2,10
88,168,91,67,2,21.22,60.3,10
89,168,90,67,2,21.13,59.8,10
88,167,91,67,2,21.09,60.5,10
89,168,89,67,2,21.27,60.5,10
87,169,92,67,2,21.11,59.6,10
90,167,92,67,2,21.09,59.9,10
88,169,91,67,2,21.42,60.5,10
87,167,92,67,2,21.2,60.0,10
89,168,92,67,2,21.13,58.8,10
87,168,92,67,2,21.18,56.9,10
89,167,92,67,2,21.25,56.1,10
87,170,91,67,2,21.16,58.1,10
88,170,91,67,2,21.19,56.8,10
89,167,91,67,2,21.08,57.9,10
88,168,92,67,2,21.19,56.5,10
89,169,91,67,2,21.2,57.6,10
89,167,90,67,2,21.27,56.7,10
88,167,93,67,2,21.16,55.9,10
87,166,92,67,2,21.13,57.0,10
89,169,91,67,2,21.24,56.4,10
88,168,92,67,2,21.24,55.7,10
87,168,92,67,2,21.24,56.1,10
90,168,90,67,2,21.18,57.9,10
87,169,91,67,2,21.34,56.3,10
87,168,92,67,2,21.18,57.0,10
88,168,91,67,2,21.18,56.5,10
89,168,91,67,2,21.24,56.2,10
89,168,89,67,2,21.31,57.1,10
88,167,90,67,2,21.33,58.3,10
88,167,91,67,2,21.34,56.2,10
88,167,91,67,2,21.31,56.1,10
88,168,90,67,2,21.15,57.4,10
88,168,90,67,2,21.27,56.7,10
87,168,91,67,2,21.36,56.7,10
88,168,90,67,2,21.09,56.0,10
88,167,89,67,2,21.12,56.1,10
87,168,89,67,2,21.29,56.8,10
89,166,91,67,2,21.2,57.1,10
87,166,91,67,2,21.12,55.5,10
87,167,92,67,2,21.39,55.3,10
88,167,91,67,2,21.27,54.3,10
88,167,90,67,2,21.34,55.4,10
88,166,90,67,2,21.41,55.2,10
88,165,90,67,2,21.31,54.5,10
87,165,89,67,2,21.28,55.5,10
88,167,90,67,2,21.34,55.7,10
88,166,90,67,2,21.37,55.4,10
86,167,90,67,2,21.23,54.4,10
88,165,93,67,2,21.31,56.0,10
89,167,93,67,2,21.43,55.4,10
87,168,89,67,2,21.27,55.2,10
88,165,91,67,2,21.24,55.1,10
87,168,93,67,2,21.35,56.2,10
87,165,91,67,2,21.38,56.5,10
86,166,89,67,2,21.19,55.4,10
85,165,90,67,2,21.3,57.0,10
88,165,89,67,2,21.42,55.1,10
87,164,89,67,2,21.37,56.7,10
87,165,88,67,2,21.3,54.2,10
89,165,90,67,2,21.47,57.3,10
87,166,90,67,2,21.51,57.8,10
88,165,90,67,2,21.32,56.3,10
88,167,89,67,2,21.3,56.8,10
87,165,89,67,2,21.29,58.0,10
86,166,89,67,2,21.37,57.0,10
88,164,88,67,2,21.45,56.8,10
86,165,90,67,2,21.49,57.6,10
87,164,90,67,2,21.36,57.5,10
86,166,90,67,2,21.33,58.4,10
88,165,89,67,2,21.25,58.8,10
87,166,89,67,2,21.33,57.7,10
87,164,88,67,2,21.42,60.8,10
87,165,91,67,2,21.34,60.0,10
87,164,91,67,2,21.32,58.6,10
87,165,88,67,2,21.29,58.6,10
86,165,89,67,2,21.55,59.2,10
87,164,89,67,2,21.47,59.0,10
87,163,89,67,2,21.41,59.6,10
88,163,88,67,2,21.42,60.4,10
86,164,89,67,2,21.47,57.9,10
88,166,88,67,2,21.54,60.7,10
88,164,89,67,2,21.52,60.0,10
88,164,88,67,2,21.35,59.9,10
87,164,89,67,2,21.41,59.7,10
90,163,90,67,2,21.62,60.7,10
85,164,89,67,2,21.44,59.5,10
85,164,89,67,2,21.6,60.0,10
87,165,88,67,2,21.48,58.2,10
88,164,87,67,2,21.58,58.9,10
87,165,89,67,2,21.69,60.6,10
87,164,90,67,2,21.63,60.1,10
88,164,89,67,2,21.44,59.4,10
87,164,88,67,2,21.52,60.6,10
88,165,89,67,2,21.54,59.9,10
87,164,89,67,2,21.39,59.6,10
87,165,87,67,2,21.51,59.8,10
87,166,89,67,2,21.54,62.8,10
87,165,88,67,2,21.53,60.1,10
87,165,88,67,2,21.58,62.2,10
86,166,87,67,2,21.52,61.9,10
86,164,88,67,2,21.31,61.1,10
88,163,89,67,2,21.5,61.7,10
87,165,89,67,2,21.53,62.4,10
88,163,87,67,2,21.6,62.7,10
88,165,90,67,2,21.57,61.7,10
88,165,89,67,2,21.53,62.1,10
86,165,89,67,2,21.66,61.6,10
88,163,88,67,2,21.5,60.1,10
88,164,88,67,2,21.55,63.8,10
87,163,88,67,2,21.58,63.4,10
86,164,89,67,2,21.54,61.9,10
89,165,88,67,2,21.57,61.6,10
87,165,88,67,2,21.44,62.0,10
88,166,89,67,2,21.41,60.6,10
87,166,88,67,2,21.68,63.1,10
87,167,90,67,2,21.44,60.8,10
87,166,88,67,2,21.47,62.2,10
89,168,88,67,2,21.54,62.9,10
88,165,89,67,2,21.49,61.6,10
88,165,88,67,2,21.58,61.4,10
89,167,89,67,2,21.59,61.3,10
88,167,88,67,2,21.5,62.4,10
87,168,89,67,2,21.41,62.5,10
87,169,88,67,2,21.74,61.4,10
88,167,90,67,2,21.67,60.5,10
88,167,89,67,2,21.69,60.4,10
87,167,89,67,2,21.47,61.3,10
88,167,89,67,2,21.71,60.5,10
87,166,90,67,2,21.56,60.4,10
88,166,87,67,2,21.58,60.6,10
88,166,89,67,2,21.57,62.0,10
89,166,88,67,2,21.51,61.1,10
88,168,88,67,2,21.5,61.1,10
88,167,89,67,2,21.59,59.5,10
87,168,88,67,2,21.42,61.3,10
88,167,90,67,2,21.53,59.8,10
88,166,89,67,2,21.63,62.5,10
88,167,90,67,2,21.47,60.9,10
86,166,89,67,2,21.47,59.6,10
89,167,87,67,2,21.5,60.1,10
88,168,88,67,2,21.64,61.5,10
87,166,89,67,2,21.59,61.2,10
88,166,89,67,2,21.61,61.5,10
89,167,89,67,2,21.59,61.6,10
89,167,88,67,2,21.54,59.9,10
88,168,89,67,2,21.68,61.6,10
88,167,90,67,2,21.48,61.1,10
88,167,89,67,2,21.71,60.0,10
88,168,89,67,2,21.69,61.8,10
88,168,89,67,2,21.75,60.1,10
88,168,90,67,2,21.6,59.3,10
87,168,90,67,2,21.72,59.3,10
89,168,91,67,2,21.77,58.9,10
87,168,90,67,2,21.46,59.0,10
89,166,89,67,2,21.72,60.1,10
88,168,90,67,2,21.79,59.5,10
88,168,89,67,2,21.77,60.2,10
88,167,90,67,2,21.66,60.7,10
87,168,89,67,2,21.62,60.7,10
87,167,91,67,2,21.72,59.2,10
87,167,91,67,2,21.73,59.6,10
88,169,91,67,2,21.84,61.1,10
87,168,90,67,2,21.78,59.5,10
89,169,91,67,2,21.79,58.6,10
89,168,89,67,2,21.7,57.9,10
90,169,90,67,2,21.56,59.8,10
87,170,90,67,2,21.67,58.0,10
88,169,88,67,2,21.73,59.1,10
88,168,90,67,2,21.74,58.8,10
88,170,90,67,2,21.84,57.7,10
89,170,91,67,2,21.55,59.3,10
89,170,87,67,2,21.76,59.7,10
88,169,90,67,2,21.67,59.7,10
89,170,90,67,2,21.79,57.5,10
88,169,89,67,2,21.84,58.9,10
88,169,91,67,2,21.69,58.3,10
89,167,90,67,2,21.79,59.8,10
86,168,88,67,2,21.78,57.7,10
89,168,90,67,2,21.83,56.3,10
87,169,90,67,2,21.93,56.9,10
89,168,90,67,2,21.91,57.0,10
89,166,90,67,2,21.76,56.9,10
89,169,90,67,2,21.74,57.6,10
87,168,90,67,2,21.81,56.5,10
88,167,90,67,2,21.73,56.6,10
88,168,89,67,2,21.72,57.1,10
89,167,90,67,2,21.73,56.6,10
88,167,90,67,2,21.88,56.3,10
88,168,90,67,2,21.82,58.1,10
88,167,91,67,2,21.72,55.7,10
87,168,90,67,2,21.75,56.5,10
88,168,89,67,2,21.75,57.0,10
90,169,91,67,2,21.74,56.0,10
89,167,91,67,2,21.68,56.9,10
87,168,89,67,2,21.78,55.6,10
87,167,90,67,2,21.92,56.1,10
89,167,90,67,2,21.7,56.3,10
90,169,89,67,2,21.78,54.4,10
89,168,90,68,2,21.44,55.8,10
89,166,90,68,2,21.4,55.1,10
87,168,91,68,2,21.26,89.5,10
87,169,90,68,2,21.33,92.5,10
88,167,91,68,2,21.43,88.9,10
87,167,91,68,2,21.47,89.8,10
89,166,91,68,2,21.37,87.0,10
88,167,90,68,2,21.55,86.4,10
87,168,89,68,2,21.57,86.2,10
88,168,89,68,2,21.51,84.2,10
88,167,89,68,2,21.44,83.6,10
89,166,91,68,2,21.42,82.1,10
89,166,90,68,2,21.45,79.7,10
87,167,90,68,2,21.61,80.4,10
88,166,92,68,2,21.56,81.5,10
87,167,91,68,2,21.49,80.3,10
88,166,91,68,2,21.52,77.4,10
87,167,91,68,2,21.31,76.4,10
88,169,91,68,2,21.5,77.0,10
89,168,91,68,2,21.55,74.9,10
88,168,91,68,2,21.52,73.3,10
88,168,91,68,2,21.58,71.1,10
88,166,90,68,2,21.46,71.0,10
87,167,91,68,2,21.51,70.1,10
89,169,90,68,2,21.52,68.4,10
87,167,92,68,2,21.51,70.9,10
87,168,89,68,2,21.54,67.9,10
87,168,91,68,2,21.52,66.8,10
87,168,92,68,2,21.61,67.1,10
88,166,90,68,2,21.76,67.3,10
89,167,90,68,2,21.59,65.4,10
88,167,92,68,2,21.62,65.8,10
89,165,92,68,2,21.72,64.7,10
89,168,92,68,2,21.65,65.4,10
87,169,91,68,2,21.65,62.7,10
88,168,92,68,2,21.53,63.8,10
88,168,92,68,2,21.69,65.6,10
88,169,91,68,2,21.52,63.6,10
89,168,91,68,2,21.81,61.6,10
88,167,91,68,2,21.82,62.9,10
88,168,92,68,2,21.77,62.0,10
87,167,92,68,2,21.81,61.4,10
88,166,93,68,2,21.88,62.6,10
88,166,91,68,2,21.73,62.0,10
89,168,91,68,2,21.79,61.0,10
87,167,92,68,2,21.71,59.7,10
89,166,91,68,2,21.88,58.9,10
88,166,92,68,2,21.91,60.7,10
89,168,92,68,2,21.83,60.2,10
88,166,92,68,2,21.87,58.5,10
86,167,91,68,2,21.91,59.1,10
88,167,93,68,2,22.0,58.1,10
89,167,93,68,2,21.86,91.1,10
89,166,93,68,2,21.53,88.8,10
87,166,92,68,2,21.61,89.5,10
87,167,92,68,2,21.59,88.7,10
87,167,92,68,2,21.71,87.5,10
89,170,92,68,2,21.58,84.6,10
88,168,93,68,2,21.59,83.2,10
88,167,93,68,2,21.66,80.1,10
87,166,93,68,2,21.74,79.0,10
88,166,92,68,2,21.56,77.3,10
88,166,93,68,2,21.69,77.1,10
88,167,91,68,2,21.67,77.3,10
88,166,92,68,2,21.62,75.5,10
87,168,91,68,2,21.77,75.0,10
89,168,91,68,2,21.75,74.0,10
87,167,89,68,2,21.75,72.6,10
89,168,90,68,2,21.7,72.5,10
88,167,90,68,2,21.68,70.1,10
88,168,92,68,2,21.93,70.5,10
87,166,90,68,2,21.74,70.4,10
90,167,91,68,2,21.88,69.7,10
89,167,91,68,2,21.89,69.2,10
88,168,90,68,2,21.9,66.3,10
89,168,91,68,2,21.94,67.8,10
88,168,90,68,2,21.84,67.7,10
87,168,90,68,2,21.89,66.0,10
90,169,90,68,2,21.85,66.3,10
88,168,88,68,2,21.95,64.2,10
89,168,89,68,2,21.96,65.4,10
89,169,89,68,2,21.98,65.5,10
89,168,89,68,2,21.89,64.6,10
88,167,89,68,2,22.01,62.3,10
88,169,89,68,2,21.98,64.0,10
88,167,89,68,2,22.0,62.7,10
87,168,90,68,2,21.93,61.0,10
88,168,89,68,2,22.11,62.5,10
89,168,89,68,2,22.17,62.7,10
88,169,91,68,2,22.07,61.4,10
88,168,89,68,2,22.26,61.4,10
87,169,90,68,2,21.93,60.1,10
88,168,89,68,2,22.09,58.5,10
89,169,88,68,2,22.08,61.1,10
88,170,90,68,2,22.08,60.3,10
87,169,89,68,2,22.08,60.3,10
87,168,89,68,2,22.16,58.9,10
87,168,88,68,2,22.18,58.6,10
89,167,89,68,2,22.25,57.9,10
88,169,89,68,2,22.11,58.5,10
88,165,89,68,2,22.08,58.7,10
87,168,89,68,2,21.99,58.9,10
90,166,89,68,2,22.04,58.3,10
89,168,90,68,2,22.07,57.3,10
89,168,89,68,2,21.95,58.4,10
87,167,88,68,2,22.12,56.8,10
87,167,89,68,2,22.05,58.2,10
88,168,88,68,2,22.01,57.7,10
88,168,90,68,2,22.23,56.7,10
87,167,89,68,2,22.03,57.7,10
87,169,90,68,2,22.15,57.3,10
88,166,88,68,2,22.06,56.9,10
86,167,89,68,2,21.83,55.4,10
88,167,91,68,2,22.04,56.3,10
86,165,91,68,2,22.08,56.3,10
88,168,89,68,2,22.26,56.2,10
88,168,90,68,2,22.31,56.2,10
88,167,89,68,2,22.17,55.9,10
88,166,90,68,2,22.07,54.6,10
87,168,89,68,2,22.24,56.3,10
88,168,90,68,2,22.26,57.3,10
87,165,90,68,2,22.18,55.7,10
89,168,90,68,2,22.3,55.8,10
89,169,90,68,2,22.04,55.8,10
89,168,90,68,2,22.2,55.3,10
88,169,89,68,2,22.1,55.5,10
89,168,90,68,2,22.42,55.3,10
88,168,90,68,2,22.17,56.4,10
87,169,90,68,2,22.06,56.4,10
88,169,88,68,2,22.32,54.4,10
0,0,0,68,2,0.0,0.0,7
87,167,90,68,2,22.23,54.7,10
88,166,89,68,2,22.18,54.0,10
87,167,90,68,2,22.23,56.3,10
87,166,90,68,2,22.13,55.0,10
88,168,90,68,2,22.21,56.5,10
87,169,90,68,2,22.17,55.0,10
89,167,90,68,2,22.09,54.3,10
88,168,90,68,2,22.29,53.6,10
88,166,90,68,2,22.28,54.1,10
88,169,89,68,2,22.07,56.8,10
87,167,90,68,2,22.01,55.2,10
86,167,88,68,2,22.15,55.1,10
90,166,89,68,2,21.98,55.0,10
87,166,90,68,2,22.05,54.2,10
88,168,89,68,2,22.2,55.7,10
87,168,91,68,2,22.15,55.1,10
88,166,91,68,2,21.99,53.8,10
88,166,91,68,2,22.09,53.7,10
87,165,89,68,2,22.25,55.2,10
86,166,90,68,2,22.2,56.2,10
87,164,91,68,2,22.12,55.9,10
87,166,90,68,2,22.12,56.4,10
87,165,90,68,2,22.1,56.5,10
87,165,91,68,2,22.2,57.0,10
87,166,90,68,2,22.24,56.2,10
87,165,89,68,2,22.33,57.9,10
88,167,88,68,2,22.18,56.1,10
88,166,91,68,2,22.19,56.9,10
88,167,90,68,2,22.15,57.4,10
88,165,90,68,2,22.22,56.6,10
89,166,91,68,2,22.37,57.0,10
88,165,90,68,2,22.25,56.8,10
87,165,88,68,2,22.14,56.0,10
88,167,89,68,2,22.22,56.4,10
87,166,89,68,2,22.22,58.2,10
86,167,89,68,2,22.07,56.8,10
86,165,90,68,2,22.22,57.5,10
86,167,89,68,2,22.21,57.5,10
88,167,90,68,2,22.24,56.8,10
86,164,89,68,2,22.24,57.0,10
86,166,91,68,2,22.33,58.5,10
86,165,89,68,2,22.25,58.3,10
87,165,89,68,2,22.28,58.9,10
87,167,90,68,2,22.22,57.9,10
86,164,89,68,2,22.2,58.1,10
87,165,90,68,2,22.28,59.1,10
87,165,90,68,2,22.24,57.7,10
87,165,90,68,2,22.29,57.4,10
87,166,91,68,2,22.28,59.1,10
87,166,90,68,2,22.26,61.1,10
87,163,88,68,2,22.3,58.7,10
87,165,88,68,2,22.44,58.5,10
86,165,90,68,2,22.49,58.6,10
87,165,89,68,2,22.46,59.7,10
86,165,88,68,2,22.23,58.1,10
87,165,89,68,2,22.38,60.8,10
88,166,88,68,2,22.35,60.3,10
87,163,90,68,2,22.35,59.2,10
87,164,88,68,2,22.3,59.2,10
86,166,89,68,2,22.22,59.3,10
86,165,89,68,2,22.12,59.4,10
87,165,89,68,2,22.37,59.9,10
86,164,88,68,2,22.46,60.6,10
86,165,89,68,2,22.41,59.7,10
88,164,87,68,2,22.33,59.4,10
85,164,89,68,2,22.22,61.0,10
87,165,88,68,2,22.26,59.2,10
87,164,89,68,2,22.34,60.3,10
85,164,88,68,2,22.39,59.1,10
87,162,87,68,2,22.42,59.1,10
86,164,89,68,2,22.34,59.4,10
87,164,89,68,2,22.31,59.8,10
88,163,89,68,2,22.25,59.1,10
87,163,89,68,2,22.47,59.5,10
86,165,90,68,2,22.44,58.3,10
88,164,87,68,2,22.4,59.2,10
86,163,89,68,2,22.51,59.4,10
85,165,89,68,2,22.49,59.8,10
85,164,88,68,2,22.27,60.0,10
86,162,89,68,2,22.56,58.0,10
86,165,88,68,2,22.61,60.1,10
85,165,88,68,2,22.41,59.5,10
86,164,89,68,2,22.57,59.1,10
88,165,89,68,2,22.47,59.6,10
86,163,87,68,2,22.46,58.1,10
85,164,89,68,2,22.49,59.4,10
88,163,88,68,2,22.43,61.1,10
87,164,88,68,2,22.54,58.5,10
86,164,88,68,2,22.67,60.7,10
86,165,89,68,2,22.5,59.1,10
85,163,87,68,2,22.5,59.4,10
87,165,89,68,2,22.66,59.9,10
86,165,89,68,2,22.53,58.9,10
86,162,88,68,2,22.63,58.8,10
85,163,87,68,2,22.66,57.6,10
86,164,87,68,2,22.64,57.8,10
86,163,88,68,2,22.75,57.9,10
86,165,87,68,2,22.64,58.4,10
87,164,87,68,2,22.72,58.1,10
85,163,89,68,2,22.62,58.0,10
85,165,90,68,2,22.56,57.1,10
87,163,87,68,2,22.68,58.2,10
85,164,88,68,2,22.62,58.0,10
86,164,86,68,2,22.69,56.6,10
87,164,89,68,2,22.88,58.6,10
85,166,88,68,2,22.75,57.7,10
86,164,87,68,2,22.58,56.9,10
86,162,87,68,2,22.77,57.3,10
86,165,89,68,2,22.69,56.3,10
85,165,87,68,2,22.74,56.6,10
86,162,87,68,2,22.75,57.1,10
85,163,87,68,2,22.83,56.6,10
86,164,86,68,2,22.88,57.4,10
85,164,88,68,2,22.88,57.5,10
86,163,89,68,2,22.62,58.7,10
87,159,87,68,2,22.76,57.4,10
86,164,87,68,2,22.78,56.4,10
86,165,86,68,2,22.86,57.7,10
85,163,88,68,2,22.72,56.9,10
87,164,87,68,2,22.87,57.6,10
85,161,87,68,2,22.67,55.3,10
85,161,88,68,2,22.88,55.7,10
86,162,88,68,2,22.73,57.2,10
86,160,88,68,2,22.86,55.6,10
86,161,86,68,2,22.9,57.4,10
84,163,86,68,2,22.73,56.9,10
86,163,87,68,2,22.68,57.3,10
84,162,87,68,2,22.66,53.6,10
85,162,87,68,2,22.78,54.6,10
85,162,87,68,2,22.91,55.6,10
86,162,88,68,2,22.85,54.9,10
85,163,87,68,2,22.9,54.7,10
85,163,88,68,2,22.77,56.1,10
85,161,86,68,2,22.68,54.5,10
85,163,86,68,2,22.96,54.6,10
86,162,87,68,2,23.04,56.4,10
85,163,86,68,2,23.01,53.4,10
84,163,87,68,2,22.97,54.2,10
84,162,90,68,2,22.98,56.3,10
86,160,87,68,2,22.95,54.2,10
85,161,88,68,2,22.96,53.0,10
85,161,88,68,2,23.05,53.1,10
86,159,88,68,2,23.0,53.9,10
85,163,88,68,2,22.94,53.2,10
85,161,89,68,2,22.94,53.8,10
85,162,88,68,2,23.05,55.1,10
85,161,89,68,2,23.0,54.3,10
87,163,89,68,2,23.08,54.6,10
85,161,87,68,2,22.85,52.5,10
85,161,89,68,2,23.01,54.0,10
84,161,88,68,2,23.0,53.6,10
86,161,89,68,2,23.0,53.4,10
84,163,90,68,2,23.09,52.3,10
86,161,88,68,2,23.03,53.8,10
87,161,87,68,2,23.2,52.5,10
85,161,89,68,2,23.14,52.7,10
85,163,88,68,2,23.01,50.9,10
86,163,89,69,2,23.24,51.6,10
85,161,89,69,2,23.05,86.1,10
85,163,90,69,2,22.73,87.3,10
87,160,88,69,2,22.76,87.7,10
87,160,88,69,2,22.56,86.7,10
86,163,89,69,2,22.63,85.8,10
85,163,85,69,2,22.75,85.3,10
86,162,87,69,2,22.49,86.3,10
86,162,87,69,2,22.56,82.6,10
85,162,87,69,2,22.72,84.2,10
85,161,87,69,2,22.7,83.8,10
86,161,88,69,2,22.72,79.7,10
85,162,88,69,2,22.85,81.2,10
85,162,87,69,2,22.67,79.1,10
87,161,88,69,2,22.82,77.1,10
85,161,88,69,2,22.75,75.9,10
84,160,87,69,2,22.81,76.7,10
85,162,88,69,2,22.76,75.3,10
84,162,87,69,2,22.79,70.6,10
86,162,87,69,2,22.92,71.9,10
86,161,86,69,2,22.79,71.2,10
86,161,86,69,2,22.89,72.2,10
84,161,85,69,2,22.82,71.2,10
85,161,86,69,2,22.8,67.1,10
85,160,87,69,2,22.98,68.0,10
84,158,87,69,2,22.8,65.1,10
86,162,86,69,2,23.04,65.0,10
86,162,88,69,2,22.81,63.6,10
84,161,86,69,2,22.97,66.3,10
85,161,87,69,2,22.81,62.3,10
84,159,87,69,2,23.01,63.1,10
85,161,87,69,2,22.87,61.7,10
85,161,87,69,2,23.06,62.7,10
84,160,87,69,2,23.02,60.2,10
84,161,87,69,2,23.15,59.9,10
86,161,87,69,2,23.05,59.8,10
85,161,88,69,2,22.93,59.6,10
86,159,86,69,2,22.96,60.0,10
85,160,87,69,2,22.88,57.9,10
84,163,86,69,2,23.04,59.0,10
85,161,86,69,2,23.03,58.3,10
84,159,87,69,2,23.05,56.7,10
85,160,85,69,2,23.07,58.6,10
85,160,86,69,2,23.09,57.6,10
85,160,85,69,2,23.05,57.5,10
85,160,86,69,2,23.08,57.7,10
85,161,86,69,2,22.98,57.5,10
84,160,86,69,2,23.22,57.2,10
85,159,86,69,2,22.99,55.1,10
85,160,86,69,2,23.05,55.5,10
85,159,86,69,2,23.14,55.9,10
85,161,85,69,2,23.22,56.1,10
84,161,87,69,2,23.21,55.7,10
84,159,87,69,2,23.2,55.6,10
85,160,86,69,2,23.2,55.1,10
86,162,87,69,2,23.22,55.6,10
86,163,86,69,2,23.03,86.6,10
85,159,86,69,2,23.24,86.3,10
85,161,86,69,2,23.01,86.4,10
86,161,86,69,2,22.83,83.4,10
86,161,86,69,2,23.0,81.9,10
85,159,85,69,2,23.0,78.4,10
85,161,86,69,2,23.09,79.7,10
86,162,84,69,2,22.9,79.5,10
86,161,86,69,2,23.03,76.4,10
86,160,86,69,2,22.88,77.4,10
86,161,85,69,2,22.8,75.7,10
85,160,85,69,2,22.93,75.8,10
86,160,85,69,2,22.92,73.2,10
84,160,86,69,2,22.89,71.8,10
85,158,86,69,2,22.94,72.3,10
86,160,86,69,2,23.05,71.4,10
85,160,86,69,2,23.03,69.2,10
85,161,86,69,2,23.13,69.3,10
85,161,86,69,2,23.03,69.0,10
86,160,87,69,2,23.2,67.6,10
84,159,86,69,2,23.14,67.0,10
85,158,86,69,2,23.1,67.4,10
85,159,85,69,2,23.03,64.1,10
86,160,87,69,2,23.04,64.6,10
85,159,86,69,2,23.14,63.6,10
83,159,86,69,2,23.18,63.2,10
82,159,85,69,2,23.2,63.5,10
86,159,87,69,2,23.16,63.0,10
87,159,86,69,2,23.18,62.2,10
86,157,87,69,2,23.3,62.3,10
85,160,86,69,2,23.17,61.0,10
86,158,87,69,2,23.18,61.3,10
85,159,86,69,2,23.3,58.6,10
85,159,87,69,2,23.42,59.0,10
85,159,86,69,2,23.39,60.9,10
84,159,85,69,2,23.25,58.7,10
84,158,88,69,2,23.29,59.8,10
83,161,88,69,2,23.27,59.0,10
87,161,86,69,2,23.3,58.4,10
85,161,88,69,2,23.29,57.4,10
85,160,88,69,2,23.25,57.0,10
84,159,87,69,2,23.43,55.9,10
84,160,87,69,2,23.26,56.6,10
86,161,87,69,2,23.33,54.8,10
85,161,88,69,2,23.27,55.7,10
84,160,87,69,2,23.24,55.8,10
86,162,88,69,2,23.51,56.1,10
85,160,89,69,2,23.27,56.5,10
85,158,89,69,2,23.31,56.0,10
84,161,88,69,2,23.38,54.8,10
83,161,86,69,2,23.25,55.6,10
84,159,88,69,2,23.35,54.4,10
83,160,89,69,2,23.47,55.1,10
82,159,89,69,2,23.39,54.5,10
84,160,88,69,2,23.51,54.0,10
86,159,88,69,2,23.54,54.3,10
84,160,89,69,2,23.35,55.3,10
85,159,88,69,2,23.26,53.5,10
83,159,87,69,2,23.38,55.1,10
84,159,89,69,2,23.29,53.8,10
81,160,87,69,2,23.22,53.5,10
85,161,88,69,2,23.27,52.9,10
84,159,90,69,2,23.38,53.5,10
85,159,87,69,2,23.4,53.4,10
86,160,87,69,2,23.31,54.6,10
82,160,87,69,2,23.38,53.7,10
84,160,89,69,2,23.21,51.9,10
84,160,87,69,2,23.25,53.7,10
84,159,88,69,2,23.5,52.6,10
85,160,88,69,2,23.34,53.5,10
85,159,88,69,2,23.38,51.7,10
84,158,88,69,2,23.17,53.2,10
84,159,89,69,2,23.54,53.7,10
84,160,88,69,2,23.33,53.6,10
84,158,88,69,2,23.23,53.9,10
83,159,87,69,2,23.3,52.7,10
83,160,89,69,2,23.32,53.0,10
85,158,89,69,2,23.24,51.7,10
84,161,86,69,2,23.29,53.1,10
84,161,88,69,2,23.42,51.8,10
85,160,86,69,2,23.41,52.4,10
85,161,87,69,2,23.47,51.5,10
85,159,89,69,2,23.55,52.2,10
84,160,87,69,2,23.36,53.6,10
85,161,88,69,2,23.55,51.8,10
84,161,87,69,2,23.36,51.9,10
84,160,86,69,2,23.56,53.3,10
85,159,86,69,2,23.41,52.4,10
84,160,87,69,2,23.47,52.1,10
83,159,87,69,2,23.35,52.3,10
85,160,87,69,2,23.44,52.4,10
84,158,87,69,2,23.32,51.6,10
84,159,87,69,2,23.42,51.7,10
84,159,86,69,2,23.41,52.3,10
84,157,86,69,2,23.48,52.0,10
85,156,87,69,2,23.45,52.7,10
83,160,86,69,2,23.36,51.1,10
84,159,86,69,2,23.5,54.1,10
85,157,87,69,2,23.51,52.1,10
85,157,87,69,2,23.51,54.5,10
84,158,86,69,2,23.49,52.6,10
85,158,85,69,2,23.46,53.9,10
84,158,87,69,2,23.49,53.8,10
84,157,87,69,2,23.72,52.5,10
84,156,86,69,2,23.46,55.2,10
85,156,86,69,2,23.51,53.6,10
85,156,87,69,2,23.41,55.5,10
84,158,86,69,2,23.52,52.9,10
84,156,86,69,2,23.33,55.0,10
85,156,87,69,2,23.6,55.3,10
85,155,87,69,2,23.37,55.2,10
84,158,86,69,2,23.47,56.4,10
85,155,88,69,2,23.46,55.1,10
85,157,86,69,2,23.47,56.2,10
84,156,88,69,2,23.43,55.5,10
85,155,86,69,2,23.53,56.1,10
84,157,88,69,2,23.4,55.6,10
85,156,87,69,2,23.46,55.7,10
84,155,87,69,2,23.53,55.8,10
85,156,88,69,2,23.43,55.5,10
83,156,88,69,2,23.36,56.2,10
84,156,89,69,2,23.49,55.8,10
85,156,89,69,2,23.53,56.2,10
83,155,87,69,2,23.49,58.0,10
83,157,88,69,2,23.4,58.1,10
84,156,88,69,2,23.38,57.0,10
83,156,86,69,2,23.44,56.1,10
84,155,87,69,2,23.66,56.0,10
84,154,87,69,2,23.51,57.3,10
83,157,87,69,2,23.46,56.7,10
82,156,86,69,2,23.33,56.6,10
84,156,87,69,2,23.35,58.0,10
83,157,87,69,2,23.39,57.2,10
82,155,87,69,2,23.44,58.1,10
85,156,87,69,2,23.37,58.1,10
84,156,87,69,2,23.55,58.9,10
83,156,87,69,2,23.33,56.6,10
83,155,87,69,2,23.57,57.8,10
84,155,88,69,2,23.4,57.1,10
84,154,86,69,2,23.38,57.6,10
85,157,88,69,2,23.31,56.7,10
83,155,85,69,2,23.19,57.1,10
84,154,85,69,2,23.55,57.9,10
83,158,86,69,2,23.4,58.4,10
84,156,86,69,2,23.42,56.7,10
85,155,86,69,2,23.42,57.0,10
84,155,85,69,2,23.46,57.2,10
85,157,86,69,2,23.44,58.2,10
84,156,86,69,2,23.45,58.2,10
83,156,85,69,2,23.64,58.4,10
85,155,85,69,2,23.28,58.7,10
85,157,86,69,2,23.38,59.4,10
83,156,85,69,2,23.39,60.6,10
83,155,85,69,2,23.46,59.8,10
85,155,85,69,2,23.4,59.0,10
82,157,85,69,2,23.5,57.4,10
83,157,84,69,2,23.39,59.8,10
84,156,86,69,2,23.51,59.1,10
84,156,84,69,2,23.41,58.7,10
85,155,84,69,2,23.4,57.9,10
84,156,85,69,2,23.37,56.4,10
83,154,82,69,2,23.5,58.1,10
85,155,84,69,2,23.47,58.7,10
83,156,85,69,2,23.38,59.1,10
84,156,83,69,2,23.45,58.3,10
85,155,84,69,2,23.44,58.6,10
84,157,83,69,2,23.42,59.5,10
82,157,84,69,2,23.49,58.0,10
83,155,85,69,2,23.5,57.8,10
84,155,84,69,2,23.65,57.6,10
85,157,84,69,2,23.61,57.1,10
84,157,85,69,2,23.38,57.8,10
85,156,82,69,2,23.45,58.6,10
86,156,84,69,2,23.53,58.0,10
84,157,83,69,2,23.36,57.4,10
83,154,85,69,2,23.54,58.0,10
83,156,84,69,2,23.5,57.3,10
84,156,83,69,2,23.51,56.7,10
84,156,84,69,2,23.53,58.4,10
86,155,83,69,2,23.4,57.6,10
84,157,84,69,2,23.45,58.3,10
83,156,83,69,2,23.55,57.6,10
85,155,83,69,2,23.52,57.7,10
84,156,84,69,2,23.51,56.4,10
84,158,83,69,2,23.61,56.3,10
85,155,83,69,2,23.52,57.2,10
85,155,83,69,2,23.63,56.9,10
84,156,83,69,2,23.53,56.9,10
84,156,83,69,2,23.63,58.4,10
83,156,83,69,2,23.51,55.4,10
84,158,83,69,2,23.56,56.4,10
85,155,83,69,2,23.64,56.7,10
85,154,83,69,2,23.67,56.8,10
84,155,84,69,2,23.53,57.1,10
84,156,82,69,2,23.66,57.8,10
85,154,82,69,2,23.61,56.6,10
0,0,0,69,2,0.0,0.0,7
83,154,83,69,2,23.65,55.2,10
84,157,84,69,2,23.67,55.1,10
84,156,82,69,2,23.66,54.6,10
85,154,82,69,2,23.6,56.0,10
86,155,81,69,2,23.79,54.4,10
83,154,82,69,2,23.59,55.4,10
85,154,82,69,2,23.71,56.7,10
84,155,80,69,2,23.73,55.7,10
83,153,81,69,2,23.72,55.0,10
83,156,82,69,2,23.75,55.3,10
85,154,83,69,2,23.64,55.4,10
84,156,81,69,2,23.68,54.3,10
85,155,82,69,2,23.59,54.5,10
84,155,82,69,2,23.62,55.0,10
83,152,82,69,2,23.64,54.9,10
85,155,80,69,2,23.79,54.6,10
84,155,82,69,2,23.86,54.4,10
85,156,81,69,2,23.78,54.8,10
84,157,83,69,2,23.6,54.0,10
84,155,83,69,2,23.81,53.6,10
84,156,82,69,2,23.82,53.3,10
84,156,83,69,2,23.85,55.4,10
84,154,82,69,2,23.81,54.2,10
85,155,82,69,2,23.93,54.4,10
83,156,83,69,2,23.81,53.2,10
85,155,82,69,2,23.89,53.1,10
83,155,82,69,2,23.85,53.9,10
82,156,81,69,2,23.92,53.5,10
86,155,82,69,2,23.78,53.7,10
85,155,82,69,2,23.87,54.3,10
83,153,82,69,2,23.85,52.2,10
83,154,82,69,2,23.86,53.1,10
83,155,82,69,2,23.86,52.9,10
83,154,81,69,2,23.77,53.9,10
84,154,81,69,2,23.73,52.5,10
84,153,82,70,2,23.49,52.7,10
85,154,80,70,2,23.2,52.8,10
84,153,81,70,2,23.46,52.6,10
82,155,80,70,2,23.42,88.7,10
84,153,82,70,2,23.42,89.3,10
83,153,81,70,2,23.49,87.4,10
85,154,81,70,2,23.51,85.1,10
82,154,82,70,2,23.48,83.6,10
84,154,81,70,2,23.42,82.1,10
83,153,81,70,2,23.46,82.2,10
83,154,82,70,2,23.52,81.8,10
83,153,81,70,2,23.64,83.2,10
84,153,81,70,2,23.39,80.8,10
83,153,83,70,2,23.43,78.8,10
84,153,82,70,2,23.61,77.1,10
83,153,82,70,2,23.6,77.5,10
85,153,81,70,2,23.64,74.6,10
81,151,82,70,2,23.66,72.7,10
81,153,81,70,2,23.62,73.4,10
83,151,81,70,2,23.74,73.3,10
84,153,81,70,2,23.73,70.9,10
84,152,82,70,2,23.61,70.6,10
84,154,81,70,2,23.63,67.4,10
83,152,82,70,2,23.62,67.3,10
83,153,82,70,2,23.72,66.6,10
83,153,83,70,2,23.55,67.9,10
84,154,82,70,2,23.63,64.6,10
84,155,82,70,2,23.67,64.3,10
84,153,82,70,2,23.59,62.9,10
84,153,82,70,2,23.85,64.1,10
83,154,83,70,2,23.57,63.8,10
83,153,82,70,2,23.59,64.4,10
84,154,83,70,2,23.72,63.0,10
83,153,84,70,2,23.73,60.7,10
84,153,82,70,2,23.91,62.3,10
83,153,84,70,2,23.75,62.0,10
84,155,83,70,2,23.7,61.0,10
84,154,84,70,2,23.76,61.1,10
84,154,83,70,2,23.81,61.7,10
83,154,82,70,2,23.81,61.6,10
84,154,82,70,2,23.78,60.0,10
84,153,83,70,2,23.75,61.0,10
84,153,82,70,2,23.52,59.7,10
84,153,82,70,2,23.82,59.9,10
85,154,83,70,2,23.74,59.2,10
83,154,82,70,2,23.77,58.3,10
83,154,83,70,2,23.84,58.5,10
84,154,83,70,2,23.86,58.6,10
82,154,83,70,2,23.83,58.0,10
83,154,82,70,2,23.75,57.7,10
83,154,84,70,2,23.86,58.6,10
83,153,83,70,2,23.88,58.1,10
85,155,82,70,2,23.86,56.8,10
83,153,82,70,2,23.77,57.1,10
83,154,83,70,2,23.78,58.4,10
83,152,84,70,2,23.82,86.0,10
84,152,82,70,2,23.46,89.1,10
84,153,83,70,2,23.48,89.3,10
83,153,83,70,2,23.41,81.3,10
83,151,83,70,2,23.58,81.9,10
83,153,84,70,2,23.51,82.4,10
82,152,84,70,2,23.41,79.1,10
83,153,84,70,2,23.6,78.8,10
82,153,84,70,2,23.58,78.2,10
83,156,84,70,2,23.42,77.2,10
82,153,85,70,2,23.67,75.8,10
83,158,84,70,2,23.59,77.7,10
